  Reading input spec file from ipc.spc

1

               U. S. Department of Commerce, U. S. Census Bureau

              X-13ARIMA-SEATS monthly seasonal adjustment Method,
                          Release Version 1.1 Build 62


           This software application provides an enhanced version of
             Statistics Canada's X-11-ARIMA extension (Dagum, 1980)
                 of the X-11 variant of the Census Method II of
                      Shiskin, Young and Musgrave (1967).

            It also provides an ARIMA model-based method following
       Hillmer and Tiao (1982) and Burman (1980) that is very similar
       to the update of the method of SEATS (Gomez and Maravall, 1996)
                produced at the Bank of Spain by G. Caporello and
               A. Maravall for TSW (Caporello and Maravall, 2004).
          The present application includes additional enhancements.

         X-13ARIMA-SEATS includes an automatic ARIMA model selection procedure
          based largely on the procedure of Gomez and Maravall (1998)
            as implemented in TRAMO (1996) and subsequent revisions.

              Primary Programmers: Brian Monsell, Mark Otto and,
                 for the ARIMA model-based signal extraction,
                      Gianluca Caporello and Victor Gomez


     Series Title- IPC Chile experimental
     Series Name- ipc
     Sep 24, 2026  19.37.09 

        -Period covered- 12th month,2009 to  8th month,2026
        -Spectral plot of the original series generated
        -SEATS model based seasonal adjustment performed.

 FILE SAVE REQUESTS (* indicates file exists and will be overwritten)
  ipc.s12  final trend component (SEATS)
  ipc.s10  final seasonal component (SEATS)
  ipc.s13  final irregular component (SEATS)
  ipc.s11  final seasonally adjusted series (SEATS)
  ipc.out  program output file
  ipc.err  program error file
        IPC Chile experimental            PAGE   1, SERIES ipc

     Contents of spc file ipc.spc

 Line #
 ------
      1: series { title="IPC Chile experimental" start=2009.12 period=12 data=(
      2: 57.31
      3: 57.61
      4: 57.77
      5: 57.82
      6: 58.09
      7: 58.3
      8: 58.3
      9: 58.67
     10: 58.62
     11: 58.85
     12: 58.91
     13: 58.95
     14: 59.02
     15: 59.18
     16: 59.31
     17: 59.77
     18: 59.96
     19: 60.2
     20: 60.3
     21: 60.38
     22: 60.47
     23: 60.78
     24: 61.07
     25: 61.26
     26: 61.64
     27: 61.69
     28: 61.93
     29: 62.03
     30: 62.06
     31: 62.08
     32: 61.9
     33: 61.89
     34: 62.03
     35: 62.5
     36: 62.85
     37: 62.57
     38: 62.55
     39: 62.67
     40: 62.74
     41: 62.98
     42: 62.68
     43: 62.67
     44: 63.07
     45: 63.24
     46: 63.39
     47: 63.73
     48: 63.82
     49: 64.06
     50: 64.44
     51: 64.56
     52: 64.87
     53: 65.41
     54: 65.82
     55: 66.04
     56: 66.08
     57: 66.23
     58: 66.44
     59: 67
     60: 67.7
     61: 67.71
     62: 67.43
     63: 67.49
     64: 67.72
     65: 68.15
     66: 68.54
     67: 68.66
     68: 69
     69: 69.29
     70: 69.76
     71: 70.11
     72: 70.4
     73: 70.38
     74: 70.39
     75: 70.72
     76: 70.91
     77: 71.18
     78: 71.42
     79: 71.58
     80: 71.9
     81: 72.07
     82: 72.11
     83: 72.28
     84: 72.4
     85: 72.44
     86: 72.29
     87: 72.68
     88: 72.86
     89: 73.14
     90: 73.31
     91: 73.4
     92: 73.12
     93: 73.29
     94: 73.44
     95: 73.33
     96: 73.76
     97: 73.83
     98: 73.93
     99: 74.27
    100: 74.31
    101: 74.46
    102: 74.7
    103: 74.9
    104: 74.98
    105: 75.25
    106: 75.38
    107: 75.63
    108: 75.91
    109: 75.91
    110: 75.83
    111: 75.91
    112: 75.95
    113: 76.31
    114: 76.51
    115: 76.97
    116: 77.01
    117: 77.18
    118: 77.32
    119: 77.33
    120: 77.96
    121: 78.03
    122: 78.1
    123: 78.55
    124: 78.9
    125: 79.16
    126: 79.13
    127: 79.09
    128: 79.03
    129: 79.11
    130: 79.22
    131: 79.72
    132: 80.27
    133: 80.16
    134: 80.43
    135: 80.99
    136: 81.14
    137: 81.45
    138: 81.75
    139: 81.97
    140: 82.04
    141: 82.7
    142: 83
    143: 83.98
    144: 85.1
    145: 85.53
    146: 86.2
    147: 87.23
    148: 87.48
    149: 89.11
    150: 90.35
    151: 91.43
    152: 92.29
    153: 93.56
    154: 94.69
    155: 95.51
    156: 96
    157: 96.94
    158: 97.21
    159: 98
    160: 97.93
    161: 99
    162: 99.3
    163: 99.41
    164: 99.26
    165: 99.61
    166: 99.72
    167: 100.39
    168: 100.84
    169: 101.59
    170: 101.04
    171: 101.72
    172: 102.32
    173: 102.7
    174: 103.24
    175: 103.52
    176: 103.42
    177: 104.19
    178: 104.45
    179: 104.54
    180: 105.56
    181: 105.83
    182: 105.62
    183: 106.74
    184: 107.16
    185: 107.7
    186: 107.91
    187: 108.12
    188: 107.68
    189: 108.62
    190: 108.66
    191: 109.14
    192: 109.19
    193: 109.47
    194: 109.26
    195: 109.71
    196: 109.7
    197: 110.75
    198: 112.18
    199: 112.37
    200: 112.35
    201: 112.45
    202: 113.15
    203: ) }
    204: transform { function=log }
    205: automdl { }
    206: outlier { types=(ao ls tc) }
    207: forecast { maxlead=36 }
    208: check { }
    209: seats { save=(s10 s11 s12 s13) }
        IPC Chile experimental            PAGE   2, SERIES ipc

 A 1  Time series data (for the span analyzed)
  From  2009.Dec to 2026.Aug
  Observations        201
 -----------------------------------------------------------------------------
               Jan      Feb      Mar      Apr      May      Jun 
               Jul      Aug      Sep      Oct      Nov      Dec        TOTAL  
 -----------------------------------------------------------------------------
  2009                                                          
                                                             57.           57.
 
  2010          58.      58.      58.      58.      58.      58.
                59.      59.      59.      59.      59.      59.          701.
 
  2011          59.      59.      60.      60.      60.      60.
                60.      60.      61.      61.      61.      62.          724.
 
  2012          62.      62.      62.      62.      62.      62.
                62.      62.      63.      63.      63.      63.          746.
 
  2013          63.      63.      63.      63.      63.      63.
                63.      63.      64.      64.      64.      64.          759.
 
  2014          65.      65.      65.      66.      66.      66.
                66.      66.      67.      68.      68.      67.          795.
 
  2015          67.      68.      68.      69.      69.      69.
                69.      70.      70.      70.      70.      70.          830.
 
  2016          71.      71.      71.      71.      72.      72.
                72.      72.      72.      72.      72.      72.          861.
 
  2017          73.      73.      73.      73.      73.      73.
                73.      73.      73.      74.      74.      74.          880.
 
  2018          74.      74.      74.      75.      75.      75.
                75.      75.      76.      76.      76.      76.          902.
 
  2019          76.      76.      76.      77.      77.      77.
                77.      77.      77.      78.      78.      78.          925.
 
  2020          79.      79.      79.      79.      79.      79.
                79.      79.      80.      80.      80.      80.          953.
 
  2021          81.      81.      81.      82.      82.      82.
                83.      83.      84.      85.      86.      86.          996.
 
  2022          87.      87.      89.      90.      91.      92.
                94.      95.      96.      96.      97.      97.         1112.
 
  2023          98.      98.      99.      99.      99.      99.
               100.     100.     100.     101.     102.     101.         1196.
 
  2024         102.     102.     103.     103.     104.     103.
               104.     104.     105.     106.     106.     106.         1247.
 
  2025         107.     107.     108.     108.     108.     108.
               109.     109.     109.     109.     109.     109.         1300.
 
  2026         110.     110.     111.     112.     112.     112.
               112.     113.                                              893.
 
  AVGE          78.      78.      79.      79.      79.      80.
                80.      80.      78.      79.      79.      78.

  Table Total-     15876.72   Mean-      78.99   Std. Dev.-      16.47
                              Min -      57.31        Max -     113.15
        IPC Chile experimental            PAGE   3, SERIES ipc
                        Automatic ARIMA Model Selection

                    Procedure based closely on TRAMO method 
                         of Gomez and Maravall (2000)
              "Automatic Modeling Methods for Univariate Series",
                            A Course in Time Series
                  (Edited by D. Pena, G. C. Tiao, R. S. Tsay),
                         New York : J. Wiley and Sons


     Maximum order for regular ARMA parameters :   2
     Maximum order for seasonal ARMA parameters :   1
     Maximum order for regular differencing :   2
     Maximum order for seasonal differencing :   1

   Results of Unit Root Test for identifying orders of differencing:
     Regular difference order :   1
     Seasonal difference order :   0

     Mean is significant.

  Automatic model choice : (1 1 1)(1 0 1)


  Final Checks for Identified Model


  Checking for Unit Roots.
   Seasonal unit root found.
   ( 1, 1, 1) ( 0, 1, 1)
  Constant term removed from model

  Checking for nonseasonal overdifferencing.
   Nonseasonal MA not within  0.001 of 1.0 - model passes test.

  Checking for insignificant ARMA coefficients.

  Final automatic model choice : (1 1 1)(0 1 1)
   End of automatic model selection procedure.

 Average absolute percentage error in within-sample forecasts:
  Last year:   0.43      Last-1 year:   0.33     Last-2 year:   0.44
  Last three years:    0.40

 Estimation converged in    6 ARMA iterations,   25 function evaluations.

 ARIMA Model:  (1 1 1)(0 1 1)
   Nonseasonal differences: 1
   Seasonal differences:    1
                                              Standard
 Parameter                    Estimate          Errors
 -----------------------------------------------------
 Nonseasonal AR                                    
   Lag  1                       0.9186         0.04741

 Nonseasonal MA                                    
   Lag  1                       0.7119         0.08239

 Seasonal MA                                       
   Lag 12                       0.8453         0.04972

 Variance                       0.10321E-04
 SE of Var                      0.10645E-05
 -----------------------------------------------------

 Likelihood Statistics
 ------------------------------------------------------------------
 Number of observations (nobs)                                  201
 Effective number of observations (nefobs)                      188
 Number of parameters estimated (np)                              4
 Log likelihood                                            805.1147
 Transformation Adjustment                                -821.2146
 Adjusted Log likelihood (L)                               -16.0998
 AIC                                                        40.1997 
 AICC (F-corrected-AIC)                                     40.4182 
 Hannan Quinn                                               45.4448 
 BIC                                                        53.1454 
 ------------------------------------------------------------------


 DIAGNOSTIC CHECKING
  Sample Autocorrelations of the Residuals with the Ljung-Box diagnostic.

  Lag      1     2     3     4     5     6     7     8     9    10    11    12
  ACF  -0.02 -0.01  0.04 -0.01  0.03  0.11 -0.12  0.10  0.10  0.04  0.01 -0.08
  SE    0.07  0.07  0.07  0.07  0.07  0.07  0.07  0.08  0.08  0.08  0.08  0.08
  Q     0.07  0.10  0.36  0.38  0.60  2.94  5.84  7.95 10.05 10.43 10.44 11.75
  DF       0     0     0     1     2     3     4     5     6     7     8     9
  P    0.000 0.000 0.000 0.536 0.741 0.400 0.211 0.159 0.122 0.166 0.236 0.228

  Lag     13    14    15    16    17    18    19    20    21    22    23    24
  ACF  -0.20 -0.03  0.06 -0.05 -0.11  0.02  0.00  0.02 -0.07  0.02 -0.10 -0.04
  SE    0.08  0.08  0.08  0.08  0.08  0.08  0.08  0.08  0.08  0.08  0.08  0.08
  Q    19.67 19.81 20.64 21.25 23.66 23.76 23.76 23.85 25.02 25.11 27.08 27.51
  DF      10    11    12    13    14    15    16    17    18    19    20    21
  P    0.033 0.048 0.056 0.068 0.050 0.069 0.095 0.124 0.124 0.157 0.133 0.155

  The P-values approximate the probability of observing a Q-value at least
  this large when the model fitted is correct.  When DF is positive, small
  values of P, customarily those below 0.05, indicate model inadequacy.

  Sample Autocorrelations of the Residuals
                 -1.0 -0.8 -0.6 -0.4 -0.2  0.0  0.2  0.4  0.6  0.8  1.0
                   +----+----+----+----+----+----+----+----+----+----+
            1                           .   |   .                     -0.019
            2                           .   |   .                     -0.012
            3                           .   |X  .                      0.037
            4                           .   |   .                     -0.010
            5                           .   |X  .                      0.033
            6                           .   |XXX.                      0.109
            7                           .XXX|   .                     -0.121
            8                           .   |XXX.                      0.103
            9                           .   |XXX.                      0.103
           10                           .   |X  .                      0.043
           11                           .   |   .                      0.007
           12       - - - - - - - - -   . XX|   .   - - - - - - - -   -0.080
           13                          XXXXX|   .                     -0.197
           14                           .  X|   .                     -0.026
           15                           .   |XX .                      0.063
           16                           .  X|   .                     -0.054
           17                           .XXX|   .                     -0.108
           18                           .   |X  .                      0.021
           19                           .   |   .                      0.003
           20                           .   |X  .                      0.020
           21                           . XX|   .                     -0.074
           22                           .   |X  .                      0.021
           23                           . XX|   .                     -0.095
           24       - - - - - - - - -   .  X|   .   - - - - - - - -   -0.044
  
  Sample Autocorrelations of the Squared Residuals with the Ljung-Box diagnostic.

  Lag      1     2     3     4     5     6     7     8     9    10    11    12
  ACF   0.12  0.04  0.03 -0.00  0.03  0.16  0.13  0.08  0.11  0.06 -0.02  0.03
  SE    0.07  0.07  0.07  0.07  0.07  0.07  0.08  0.08  0.08  0.08  0.08  0.08
  Q     2.95  3.29  3.53  3.53  3.71  8.98 12.15 13.51 15.71 16.48 16.59 16.74
  DF       0     0     0     1     2     3     4     5     6     7     8     9
  P    0.000 0.000 0.000 0.060 0.157 0.030 0.016 0.019 0.015 0.021 0.035 0.053

  Lag     13    14    15    16    17    18    19    20    21    22    23    24
  ACF   0.08  0.00  0.03  0.00 -0.04  0.09  0.01  0.09  0.07 -0.02  0.06 -0.03
  SE    0.08  0.08  0.08  0.08  0.08  0.08  0.08  0.08  0.08  0.08  0.08  0.08
  Q    18.03 18.03 18.18 18.18 18.44 20.25 20.27 22.09 23.00 23.07 23.80 23.97
  DF      10    11    12    13    14    15    16    17    18    19    20    21
  P    0.054 0.081 0.110 0.151 0.188 0.162 0.208 0.181 0.191 0.234 0.251 0.294

  The P-values approximate the probability of observing a Q-value at least
  this large when the model fitted is correct in a way that supports the
  standard interpretations of the test statistics, standard errors, and
  prediction intervals output by X-13ARIMA-SEATS. When DF is positive, small
  values of P, customarily those below 0.05, suggest that model-based
  inferences about statistical significance and uncertainty will be less
  dependable than usual.

  Sample Autocorrelations of the Squared Residuals
                 -1.0 -0.8 -0.6 -0.4 -0.2  0.0  0.2  0.4  0.6  0.8  1.0
                   +----+----+----+----+----+----+----+----+----+----+
            1                           .   |XXX.                      0.124
            2                           .   |X  .                      0.042
            3                           .   |X  .                      0.035
            4                           .   |   .                     -0.001
            5                           .   |X  .                      0.031
            6                           .   |XXXX                      0.164
            7                           .   |XXX.                      0.127
            8                           .   |XX .                      0.083
            9                           .   |XXX.                      0.105
           10                           .   |XX .                      0.062
           11                           .  X|   .                     -0.024
           12       - - - - - - - - -   .   |X  .   - - - - - - - -    0.027
           13                           .   |XX .                      0.079
           14                           .   |   .                      0.003
           15                           .   |X  .                      0.027
           16                           .   |   .                      0.001
           17                           .  X|   .                     -0.035
           18                           .   |XX .                      0.093
           19                           .   |   .                      0.008
           20                           .   |XX .                      0.093
           21                           .   |XX .                      0.065
           22                           .   |   .                     -0.018
           23                           .   |X  .                      0.058
           24       - - - - - - - - -   .  X|   .   - - - - - - - -   -0.028
  
 Histogram of the Standardized and Mean-Centered Residuals
  Standard
  Deviations    Frequency
       -3 +
          |###
       -2 +######
          |######
       -1 +########################
          |###################################
        0 +######################################
          |#############################
        1 +####################
          |##################
        2 +######
          |#
        3 +#

  Outlier [#

  One '#'= 1 observation[s]

 Tabular Histogram of the Standardized and Mean-Centered Residuals

  Standard
  Deviations    Frequency

 -3.00                 0

 -2.50                 3

 -2.00                 6

 -1.50                 6

 -1.00                24

 -0.50                35

  0.00                38

  0.50                29

  1.00                20

  1.50                18

  2.00                 6

  2.50                 1

  3.00                 1

  Residuals with |t|>3.25

  Obs       t-value
  -----------------
  2021.Feb     3.73

 Summary Statistics for the Unstandardized Residuals
  Minimum                    -0.008
  Maximum                     0.011
  Median                     -0.000
  Robust Std Dev              0.003

 Normality Statistics for regARIMA Model Residuals:

    Number of residuals  :    188

    Skewness coefficient :    0.2421    
    Geary's a            :    0.7811    
    Kurtosis             :    3.4869    

  No indication of lack of normality.

 Durbin-Watson Statistic for regARIMA Model Residuals:
  dw =     2.026245

 Friedman Non-Parametric Test for regARIMA Model Residuals:
  ken =     8.200000 ( Asymptotically distributed as Chi-Square(11), P-Value =     0.695284 )

 QS Statistic for regARIMA Model Residuals (full series):             0.00
                                                       (P-Value =     1.0000)

 QS Statistic for regARIMA Model Residuals (starting 2018.Sep):       0.00
                                                       (P-Value =     1.0000)


  At least one visually significant residual trading day peaks has been
  found in the spectral plot of the following series starting in 2018.Sep:

          regARIMA model residuals (1 Trading Day peak(s))




      10*LOG(SPECTRUM) of the regARIMA model residuals
      Spectrum estimated from 2018.Sep to 2026.Aug.
 ++++++++++I+++++++++++++++++++++++++++++++++++++++++++++++++++++++++++++I
     -41.97I                                                            SI    -41.97
           I                                                            SI
           I                                                            SI
           I                                                            SI
     -43.06I                                                            SI    -43.06
           I                                          T                 SI
           I                                *         T                 SI
           I                                *         T                 SI
     -44.16I                                *         T                 SI    -44.16
           I   *                            *         T                 SI
           I   *                            *         T                 SI
           I   *                            *         T                 SI
     -45.25I   *                            *         T                 SI    -45.25
           I   *                            *         T                 SI
           I   **                           *         T                 SI
           I   **                           *         T                 SI
     -46.34I   **                           *         T*                SI    -46.34
           I   **                           *         T*           *    SI
           I   **        *                  *         T*           *    SI
           I   **        *                  *         T*           *   *SI
     -47.44I  ***        *                  *         T*   **      *   *SI    -47.44
           I  ***        *                  *         T*   **      *   *SI
           I  ***        *                  **        T*   **      *   *SI
           I  ***        *  *          *    **       *T*   **      *   *SI
     -48.53I  ***        *  **         *    **       *T*   **      **  *SI    -48.53
           I  ***        *  **         *    **       *T*   **      **  *SI
           I  ****       *  **         **   **    ** *T*   **      **  *SI
           I *****       *  **         **   **    ** *T*   **     ***  *SI
     -49.62I *****       *  **        ***   **    ** *T*   **     ***  *SI    -49.62
           I******       ** **        ***   **    **S*T*   **     ***  *SI
           I********    *** **        ***   **    **S*T*   ***    ***  *SI
           I********    ******       ****   **    **S*T*  ****    ******SI
     -50.72I********    ******       ****   **    **S*T*  ****    ******SI    -50.72
           I********    ******       ****  ***    **S*T*  ****    ******SI
           I********    ******      *****  ***    **S*T** ****    ******SI
           I********    ******      *****  ***    **S*T** ****    ******SI
     -51.81I********    ******      ****** ***    **S*T** ****    ******SI    -51.81
           I********    ******      ****** ***    **S*T*******S  *******SI
           I*********   ******      ****** ***    **S*T*******S  *******SI
           I*********   *******    ******* ***    **S*T*******S  *******SI
     -52.90I*********   *******    *******S***    **S*T*******S*T*******SI    -52.90
           I*********   *******    *******S***   ***S*T*******S*T*******SI
           I*********   *******    *******S***   ***S*T*******S*T*******SI
           I*********   *******    *******S***   ***S*T*******S*T*******SI
     -54.00I*********   *******    *******S***   ***S*T*******S*T*******SI    -54.00
           I*********  ********   ********S****  ***S*T*******S*T*******SI
           I*********  ********   ********S****  ***S*T*******S*T*******SI
           I********** ********   ********S****  ***S*T*******S*T*******SI
     -55.09I********** *********  ********S****  ***S*T*******S*T*******SI    -55.09
           I********** ********* *********S****  ***S*T*******S*T*******SI
           I**********S********* *********S****  ***S*T*******S*T*******SI
           I**********S*********S*********S**** ****S*T*******S*T*******SI
     -56.18I**********S*********S*********S*********S*T*******S*T*******SI    -56.18
 ++++++++++I+++++++++++++++++++++++++++++++++++++++++++++++++++++++++++++I
            S=SEASONAL FREQUENCIES, T=TRADING DAY FREQUENCIES


 FORECASTING
  Origin  2026.Aug
  Number        36

  Forecasts and Standard Errors of the Transformed Data
   ------------------------------
                         Standard
       Date   Forecast      Error
   ------------------------------
   2026.Sep       4.73      0.003
   2026.Oct       4.74      0.005
   2026.Nov       4.74      0.007
   2026.Dec       4.74      0.008
   2027.Jan       4.75      0.010
   2027.Feb       4.75      0.012
   2027.Mar       4.76      0.013
   2027.Apr       4.76      0.015
   2027.May       4.77      0.017
   2027.Jun       4.77      0.018
   2027.Jul       4.77      0.020
   2027.Aug       4.78      0.022
   2027.Sep       4.78      0.023
   2027.Oct       4.79      0.025
   2027.Nov       4.79      0.027
   2027.Dec       4.79      0.029
   2028.Jan       4.80      0.030
   2028.Feb       4.80      0.032
   2028.Mar       4.81      0.034
   2028.Apr       4.81      0.035
   2028.May       4.81      0.037
   2028.Jun       4.81      0.039
   2028.Jul       4.82      0.040
   2028.Aug       4.82      0.042
   2028.Sep       4.83      0.044
   2028.Oct       4.83      0.045
   2028.Nov       4.84      0.047
   2028.Dec       4.84      0.049
   2029.Jan       4.84      0.051
   2029.Feb       4.85      0.052
   2029.Mar       4.85      0.054
   2029.Apr       4.86      0.055
   2029.May       4.86      0.057
   2029.Jun       4.86      0.059
   2029.Jul       4.87      0.060
   2029.Aug       4.87      0.062
   ------------------------------

  Confidence intervals with coverage probability ( 0.95000
  On the Original Scale
   ---------------------------------------
       Date      Lower  Forecast     Upper
   ---------------------------------------
   2026.Sep     113.02    113.73    114.45
   2026.Oct     113.27    114.40    115.53
   2026.Nov     113.25    114.76    116.29
   2026.Dec     112.92    114.79    116.71
   2027.Jan     113.26    115.53    117.83
   2027.Feb     113.17    115.81    118.51
   2027.Mar     113.59    116.62    119.73
   2027.Apr     113.84    117.25    120.77
   2027.May     113.81    117.60    121.52
   2027.Jun     113.49    117.64    121.95
   2027.Jul     113.70    118.24    122.96
   2027.Aug     113.73    118.64    123.77
   2027.Sep     113.91    119.24    124.83
   2027.Oct     114.17    119.93    125.98
   2027.Nov     114.12    120.30    126.81
   2027.Dec     113.76    120.33    127.27
   2028.Jan     114.08    121.08    128.51
   2028.Feb     113.98    121.38    129.26
   2028.Mar     114.38    122.21    130.59
   2028.Apr     114.61    122.87    131.72
   2028.May     114.57    123.23    132.54
   2028.Jun     114.24    123.27    133.01
   2028.Jul     114.45    123.89    134.10
   2028.Aug     114.48    124.31    134.98
   2028.Sep     114.67    124.93    136.11
   2028.Oct     114.94    125.65    137.35
   2028.Nov     114.91    126.03    138.23
   2028.Dec     114.55    126.05    138.71
   2029.Jan     114.89    126.85    140.04
   2029.Feb     114.79    127.15    140.84
   2029.Mar     115.21    128.02    142.26
   2029.Apr     115.45    128.71    143.48
   2029.May     115.42    129.08    144.35
   2029.Jun     115.10    129.12    144.85
   2029.Jul     115.32    129.77    146.03
   2029.Aug     115.35    130.21    146.97
   ---------------------------------------
        IPC Chile experimental            PAGE   4, SERIES ipc

 B 1  Original series (prior adjusted)
  From  2009.Dec to 2026.Aug
  Observations        201
 -----------------------------------------------------------------------------
               Jan      Feb      Mar      Apr      May      Jun 
               Jul      Aug      Sep      Oct      Nov      Dec        TOTAL  
 -----------------------------------------------------------------------------
  2009                                                          
                                                             57.           57.
 
  2010          58.      58.      58.      58.      58.      58.
                59.      59.      59.      59.      59.      59.          701.
 
  2011          59.      59.      60.      60.      60.      60.
                60.      60.      61.      61.      61.      62.          724.
 
  2012          62.      62.      62.      62.      62.      62.
                62.      62.      63.      63.      63.      63.          746.
 
  2013          63.      63.      63.      63.      63.      63.
                63.      63.      64.      64.      64.      64.          759.
 
  2014          65.      65.      65.      66.      66.      66.
                66.      66.      67.      68.      68.      67.          795.
 
  2015          67.      68.      68.      69.      69.      69.
                69.      70.      70.      70.      70.      70.          830.
 
  2016          71.      71.      71.      71.      72.      72.
                72.      72.      72.      72.      72.      72.          861.
 
  2017          73.      73.      73.      73.      73.      73.
                73.      73.      73.      74.      74.      74.          880.
 
  2018          74.      74.      74.      75.      75.      75.
                75.      75.      76.      76.      76.      76.          902.
 
  2019          76.      76.      76.      77.      77.      77.
                77.      77.      77.      78.      78.      78.          925.
 
  2020          79.      79.      79.      79.      79.      79.
                79.      79.      80.      80.      80.      80.          953.
 
  2021          81.      81.      81.      82.      82.      82.
                83.      83.      84.      85.      86.      86.          996.
 
  2022          87.      87.      89.      90.      91.      92.
                94.      95.      96.      96.      97.      97.         1112.
 
  2023          98.      98.      99.      99.      99.      99.
               100.     100.     100.     101.     102.     101.         1196.
 
  2024         102.     102.     103.     103.     104.     103.
               104.     104.     105.     106.     106.     106.         1247.
 
  2025         107.     107.     108.     108.     108.     108.
               109.     109.     109.     109.     109.     109.         1300.
 
  2026         110.     110.     111.     112.     112.     112.
               112.     113.                                              893.
 
  AVGE          78.      78.      79.      79.      79.      80.
                80.      80.      78.      79.      79.      78.

  Table Total-     15876.72   Mean-      78.99   Std. Dev.-      16.47
                              Min -      57.31        Max -     113.15

 B 1.A  Forecasts of (prior adjusted) original series
  From  2026.Sep to 2029.Aug
  Observations         36
 -----------------------------------------------------------------------------
               Jan      Feb      Mar      Apr      May      Jun 
               Jul      Aug      Sep      Oct      Nov      Dec        TOTAL  
 -----------------------------------------------------------------------------
  2026                                                          
                                 114.     114.     115.     115.          458.
 
  2027         116.     116.     117.     117.     118.     118.
               118.     119.     119.     120.     120.     120.         1417.
 
  2028         121.     121.     122.     123.     123.     123.
               124.     124.     125.     126.     126.     126.         1485.
 
  2029         127.     127.     128.     129.     129.     129.
               130.     130.                                             1029.
 

                                      PROGRAM SEATS+

            (based on program SEATS, Victor Gomez and Agustin Maravall©, 1996)

        Developed at the Bank of Spain by Gianluca Caporello and Agustin Maravall,
        with programming support from Domingo Pérez Cañete and Roberto López Pavón.

      Help from Gabriele Fiorentini (1990 - 1991) and Christophe Planas (1992 - 1994) 
      is also acknowleged.

                VERSION: 1.0  (Revision: 657  Build: 2012/11/28 12:09:23                                                           )



                                      PROGRAM SEATS+

            (based on program SEATS, Victor Gomez and Agustin Maravall©, 1996)

        Developed at the Bank of Spain by Gianluca Caporello and Agustin Maravall,
        with programming support from Domingo Pérez Cañete and Roberto López Pavón.

      Help from Gabriele Fiorentini (1990 - 1991) and Christophe Planas (1992 - 1994) 
      is also acknowleged.

                VERSION: 1.0  (Revision: 657  Build: 2012/11/28 12:09:23)



                                      PROGRAM SEATS+

            (based on program SEATS, Victor Gomez and Agustin Maravall©, 1996)

        Developed at the Bank of Spain by Gianluca Caporello and Agustin Maravall,
        with programming support from Domingo Pérez Cañete and Roberto López Pavón.

      Help from Gabriele Fiorentini (1990 - 1991) and Christophe Planas (1992 - 1994) 
      is also acknowleged.

                VERSION: 1.0  (Revision: 657  Build: 2012/11/28 12:09:23)


 PART 1 : ARIMA ESTIMATION
 -------------------------




 SERIES TITLE: IPC Chile experimental                                                          
 PREADJUSTED WITH regARIMA :  YES                                                                             
 METHOD: MAXIMUM LIKELIHOOD

 NO OF OBSERVATIONS =201




 ORIGINAL UNCORRECTED SERIES (from regARIMA)

 YEAR        JAN       FEB       MAR       APR       MAY       JUN       JUL       AUG       SEP       OCT       NOV       DEC 

 2009                                                                                                                    57.310
 2010      57.610    57.770    57.820    58.090    58.300    58.300    58.670    58.620    58.850    58.910    58.950    59.020
 2011      59.180    59.310    59.770    59.960    60.200    60.300    60.380    60.470    60.780    61.070    61.260    61.640
 2012      61.690    61.930    62.030    62.060    62.080    61.900    61.890    62.030    62.500    62.850    62.570    62.550
 2013      62.670    62.740    62.980    62.680    62.670    63.070    63.240    63.390    63.730    63.820    64.060    64.440
 2014      64.560    64.870    65.410    65.820    66.040    66.080    66.230    66.440    67.000    67.700    67.710    67.430
 2015      67.490    67.720    68.150    68.540    68.660    69.000    69.290    69.760    70.110    70.400    70.380    70.390
 2016      70.720    70.910    71.180    71.420    71.580    71.900    72.070    72.110    72.280    72.400    72.440    72.290
 2017      72.680    72.860    73.140    73.310    73.400    73.120    73.290    73.440    73.330    73.760    73.830    73.930
 2018      74.270    74.310    74.460    74.700    74.900    74.980    75.250    75.380    75.630    75.910    75.910    75.830
 2019      75.910    75.950    76.310    76.510    76.970    77.010    77.180    77.320    77.330    77.960    78.030    78.100
 2020      78.550    78.900    79.160    79.130    79.090    79.030    79.110    79.220    79.720    80.270    80.160    80.430
 2021      80.990    81.140    81.450    81.750    81.970    82.040    82.700    83.000    83.980    85.100    85.530    86.200
 2022      87.230    87.480    89.110    90.350    91.430    92.290    93.560    94.690    95.510    96.000    96.940    97.210
 2023      98.000    97.930    99.000    99.300    99.410    99.260    99.610    99.720   100.390   100.840   101.590   101.040
 2024     101.720   102.320   102.700   103.240   103.520   103.420   104.190   104.450   104.540   105.560   105.830   105.620
 2025     106.740   107.160   107.700   107.910   108.120   107.680   108.620   108.660   109.140   109.190   109.470   109.260
 2026     109.710   109.700   110.750   112.180   112.370   112.350   112.450   113.150

 PREADJUSTMENT FACTORS
 Outliers and Other Deterministic Effects

 (from regARIMA)

 YEAR        JAN       FEB       MAR       APR       MAY       JUN       JUL       AUG       SEP       OCT       NOV       DEC 

 2009                                                                                                                   100.000
 2010     100.000   100.000   100.000   100.000   100.000   100.000   100.000   100.000   100.000   100.000   100.000   100.000
 2011     100.000   100.000   100.000   100.000   100.000   100.000   100.000   100.000   100.000   100.000   100.000   100.000
 2012     100.000   100.000   100.000   100.000   100.000   100.000   100.000   100.000   100.000   100.000   100.000   100.000
 2013     100.000   100.000   100.000   100.000   100.000   100.000   100.000   100.000   100.000   100.000   100.000   100.000
 2014     100.000   100.000   100.000   100.000   100.000   100.000   100.000   100.000   100.000   100.000   100.000   100.000
 2015     100.000   100.000   100.000   100.000   100.000   100.000   100.000   100.000   100.000   100.000   100.000   100.000
 2016     100.000   100.000   100.000   100.000   100.000   100.000   100.000   100.000   100.000   100.000   100.000   100.000
 2017     100.000   100.000   100.000   100.000   100.000   100.000   100.000   100.000   100.000   100.000   100.000   100.000
 2018     100.000   100.000   100.000   100.000   100.000   100.000   100.000   100.000   100.000   100.000   100.000   100.000
 2019     100.000   100.000   100.000   100.000   100.000   100.000   100.000   100.000   100.000   100.000   100.000   100.000
 2020     100.000   100.000   100.000   100.000   100.000   100.000   100.000   100.000   100.000   100.000   100.000   100.000
 2021     100.000   100.000   100.000   100.000   100.000   100.000   100.000   100.000   100.000   100.000   100.000   100.000
 2022     100.000   100.000   100.000   100.000   100.000   100.000   100.000   100.000   100.000   100.000   100.000   100.000
 2023     100.000   100.000   100.000   100.000   100.000   100.000   100.000   100.000   100.000   100.000   100.000   100.000
 2024     100.000   100.000   100.000   100.000   100.000   100.000   100.000   100.000   100.000   100.000   100.000   100.000
 2025     100.000   100.000   100.000   100.000   100.000   100.000   100.000   100.000   100.000   100.000   100.000   100.000
 2026     100.000   100.000   100.000   100.000   100.000   100.000   100.000   100.000


 ARIMA SERIES
 (Corrected by regARIMA)
 "Original Series" FOR SEATS

 YEAR        JAN       FEB       MAR       APR       MAY       JUN       JUL       AUG       SEP       OCT       NOV       DEC 

 2009                                                                                                                    57.310
 2010      57.610    57.770    57.820    58.090    58.300    58.300    58.670    58.620    58.850    58.910    58.950    59.020
 2011      59.180    59.310    59.770    59.960    60.200    60.300    60.380    60.470    60.780    61.070    61.260    61.640
 2012      61.690    61.930    62.030    62.060    62.080    61.900    61.890    62.030    62.500    62.850    62.570    62.550
 2013      62.670    62.740    62.980    62.680    62.670    63.070    63.240    63.390    63.730    63.820    64.060    64.440
 2014      64.560    64.870    65.410    65.820    66.040    66.080    66.230    66.440    67.000    67.700    67.710    67.430
 2015      67.490    67.720    68.150    68.540    68.660    69.000    69.290    69.760    70.110    70.400    70.380    70.390
 2016      70.720    70.910    71.180    71.420    71.580    71.900    72.070    72.110    72.280    72.400    72.440    72.290
 2017      72.680    72.860    73.140    73.310    73.400    73.120    73.290    73.440    73.330    73.760    73.830    73.930
 2018      74.270    74.310    74.460    74.700    74.900    74.980    75.250    75.380    75.630    75.910    75.910    75.830
 2019      75.910    75.950    76.310    76.510    76.970    77.010    77.180    77.320    77.330    77.960    78.030    78.100
 2020      78.550    78.900    79.160    79.130    79.090    79.030    79.110    79.220    79.720    80.270    80.160    80.430
 2021      80.990    81.140    81.450    81.750    81.970    82.040    82.700    83.000    83.980    85.100    85.530    86.200
 2022      87.230    87.480    89.110    90.350    91.430    92.290    93.560    94.690    95.510    96.000    96.940    97.210
 2023      98.000    97.930    99.000    99.300    99.410    99.260    99.610    99.720   100.390   100.840   101.590   101.040
 2024     101.720   102.320   102.700   103.240   103.520   103.420   104.190   104.450   104.540   105.560   105.830   105.620
 2025     106.740   107.160   107.700   107.910   108.120   107.680   108.620   108.660   109.140   109.190   109.470   109.260
 2026     109.710   109.700   110.750   112.180   112.370   112.350   112.450   113.150

  INPUT PARAMETERS
  ----------------

  LAM= 0        IMEAN= 0        RSA= 0        MQ=12
  P= 1          BP= 0           Q= 1          BQ= 1
  D= 1          BD= 1           NOADMISS= 0   RMOD=   0.500
  M=36          QMAX=50         BIAS= 1
  THLIM=  0.000  THLIM=  0.000  IQM= 24       OUT=  0
  EPSPHI= 2.000 MAXIT= 20       XL=  0.990    STOCHTD=-1

 TRANSFORMATION: Z -> LOG Z

 TRANSFORMATION: Z -> LOG Z


 ARIMA MODEL SELECTED BY regARIMA: 
(1,1,1)(0,1,1)
 with mean

 ARMA Parameters
           PHI    =   -0.9186
           THETA  =   -0.7119
           BTHETA=    -0.8453


 TRANSFORMED SERIES

 YEAR        JAN       FEB       MAR       APR       MAY       JUN       JUL       AUG       SEP       OCT       NOV       DEC 

 2009                                                                                                                     4.048
 2010       4.054     4.056     4.057     4.062     4.066     4.066     4.072     4.071     4.075     4.076     4.077     4.078
 2011       4.081     4.083     4.091     4.094     4.098     4.099     4.101     4.102     4.107     4.112     4.115     4.121
 2012       4.122     4.126     4.128     4.128     4.128     4.126     4.125     4.128     4.135     4.141     4.136     4.136
 2013       4.138     4.139     4.143     4.138     4.138     4.144     4.147     4.149     4.155     4.156     4.160     4.166
 2014       4.168     4.172     4.181     4.187     4.190     4.191     4.193     4.196     4.205     4.215     4.215     4.211
 2015       4.212     4.215     4.222     4.227     4.229     4.234     4.238     4.245     4.250     4.254     4.254     4.254
 2016       4.259     4.261     4.265     4.269     4.271     4.275     4.278     4.278     4.281     4.282     4.283     4.281
 2017       4.286     4.289     4.292     4.295     4.296     4.292     4.294     4.296     4.295     4.301     4.302     4.303
 2018       4.308     4.308     4.310     4.313     4.316     4.317     4.321     4.323     4.326     4.330     4.330     4.328
 2019       4.330     4.330     4.335     4.337     4.343     4.344     4.346     4.348     4.348     4.356     4.357     4.358
 2020       4.364     4.368     4.371     4.371     4.371     4.370     4.371     4.372     4.379     4.385     4.384     4.387
 2021       4.394     4.396     4.400     4.404     4.406     4.407     4.415     4.419     4.431     4.444     4.449     4.457
 2022       4.469     4.471     4.490     4.504     4.516     4.525     4.539     4.551     4.559     4.564     4.574     4.577
 2023       4.585     4.584     4.595     4.598     4.599     4.598     4.601     4.602     4.609     4.614     4.621     4.616
 2024       4.622     4.628     4.632     4.637     4.640     4.639     4.646     4.649     4.650     4.659     4.662     4.660
 2025       4.670     4.674     4.679     4.681     4.683     4.679     4.688     4.688     4.693     4.693     4.696     4.694
 2026       4.698     4.698     4.707     4.720     4.722     4.722     4.723     4.729

 NONSEASONAL DIFFERENCING     D= 1
    SEASONAL DIFFERENCING    BD= 1


 DIFFERENCED SERIES
    X  10.0D-1


 YEAR        JAN       FEB       MAR       APR       MAY       JUN       JUL       AUG       SEP       OCT       NOV       DEC 

 2011      -0.025    -0.006     0.069    -0.015     0.004     0.017    -0.050     0.023     0.012     0.037     0.024     0.050
 2012      -0.019     0.017    -0.061    -0.027    -0.037    -0.046    -0.015     0.008     0.024     0.008    -0.076    -0.065
 2013       0.011    -0.028     0.022    -0.053    -0.005     0.093     0.029     0.001    -0.022    -0.042     0.082     0.062
 2014      -0.001     0.037     0.045     0.110     0.035    -0.058    -0.004     0.008     0.030     0.090    -0.036    -0.101
 2015      -0.010    -0.014    -0.020    -0.005    -0.016     0.043     0.019     0.036    -0.034    -0.063    -0.004     0.043
 2016       0.038    -0.007    -0.025    -0.023     0.005    -0.005    -0.018    -0.062    -0.026    -0.025     0.008    -0.022
 2017       0.007    -0.002     0.000    -0.010    -0.010    -0.083    -0.000     0.015    -0.039     0.042     0.004     0.034
 2018      -0.008    -0.019    -0.018     0.009     0.014     0.049     0.013    -0.003     0.048    -0.022    -0.009    -0.024
 2019      -0.035    -0.000     0.027    -0.006     0.033    -0.005    -0.014     0.001    -0.032     0.044     0.009     0.020
 2020       0.047     0.039    -0.014    -0.030    -0.065    -0.013    -0.012    -0.004     0.062    -0.012    -0.023     0.025
 2021       0.012    -0.026     0.005     0.041     0.032     0.016     0.070     0.022     0.054     0.064     0.064     0.044
 2022       0.049     0.010     0.146     0.101     0.092     0.085     0.057     0.084    -0.031    -0.081     0.047    -0.050
 2023      -0.038    -0.036    -0.076    -0.108    -0.108    -0.109    -0.101    -0.109    -0.019    -0.006    -0.023    -0.082
 2024      -0.014     0.066    -0.072     0.022     0.016     0.005     0.039     0.014    -0.058     0.052    -0.049     0.034
 2025       0.038    -0.020     0.013    -0.033    -0.008    -0.031     0.013    -0.021     0.035    -0.093     0.000     0.001
 2026      -0.064    -0.040     0.045     0.109    -0.003     0.039    -0.078     0.058

 MEAN OF DIFFERENCED SERIES=  0.5899D-04

 MEAN SET EQUAL TO ZERO


  VARIANCE OF Z SERIES =     0.4042D-01

 VARIANCE OF DIFFERENCED SERIES =     0.2104D-04



 AUTOCORRELATIONS OF STATIONARY SERIES
 -------------------------------------

      0.3361   0.2439   0.2173   0.1574   0.2508   0.1526  -0.0036   0.1279   0.0866   0.0163  -0.0031  -0.3988
 SE   0.0729   0.0808   0.0846   0.0875   0.0890   0.0927   0.0940   0.0940   0.0949   0.0953   0.0954   0.0954

     -0.2290  -0.1699  -0.0971  -0.1367  -0.1873  -0.1664  -0.0630  -0.0888  -0.1596  -0.1116  -0.1147  -0.0651
 SE   0.1039   0.1065   0.1079   0.1084   0.1093   0.1110   0.1123   0.1125   0.1129   0.1141   0.1147   0.1153

     -0.0024   0.0803  -0.0106   0.0202   0.0417   0.0948   0.0345  -0.0828   0.0028   0.0453  -0.0080  -0.0044
 SE   0.1155   0.1155   0.1158   0.1158   0.1158   0.1159   0.1163   0.1163   0.1166   0.1166   0.1167   0.1167



 PARTIAL AUTOCORRELATIONS
 ------------------------

      0.3361   0.1476   0.1128   0.0382   0.1719  -0.0013  -0.1441   0.1090   0.0173  -0.0790  -0.0503  -0.4534
 SE   0.0729   0.0729   0.0729   0.0729   0.0729   0.0729   0.0729   0.0729   0.0729   0.0729   0.0729   0.0729

     -0.0638  -0.0331   0.1440  -0.0370   0.0182   0.0153  -0.0027   0.0732  -0.0425   0.0323  -0.0366  -0.2509
 SE   0.0729   0.0729   0.0729   0.0729   0.0729   0.0729   0.0729   0.0729   0.0729   0.0729   0.0729   0.0729

     -0.0250   0.1226   0.0516  -0.0281   0.0157   0.0619  -0.0665  -0.1188  -0.0003   0.0183  -0.1243  -0.1619
 SE   0.0729   0.0729   0.0729   0.0729   0.0729   0.0729   0.0729   0.0729   0.0729   0.0729   0.0729   0.0729





 MODEL FITTED

      NONSEASONAL     P= 1     D= 1     Q= 1
         SEASONAL    BP= 0    BD= 1    BQ= 1
      PERIODICITY    MQ= 12

          MEAN     =     0.00000    

          SE       = *******




                 ARIMA PARAMETERS 

           PHI   =   -0.9186
           SE    =    *****
           TH    =   -0.7119
           SE    =    *****
           BTH   =   -0.8453
           SE    =    *****

    There is a Spectral peak in Linealized Series for the Seasonal frequencies :  2PI/6 6PI/6                            

 

 EXTENDED RESIDUALS
    X  10.0D-1


 YEAR        JAN       FEB       MAR       APR       MAY       JUN       JUL       AUG       SEP       OCT       NOV       DEC 

 2010       0.015    -0.002    -0.042     0.022     0.012    -0.013     0.031    -0.036    -0.008    -0.032     0.006     0.007
 2011      -0.006     0.002     0.042    -0.005     0.011     0.003    -0.029    -0.000     0.005     0.007     0.019     0.044
 2012      -0.043     0.009    -0.036    -0.026    -0.018    -0.029    -0.020     0.025     0.039     0.017    -0.059    -0.012
 2013      -0.001    -0.004     0.008    -0.067    -0.004     0.081     0.001     0.009     0.001    -0.030     0.039     0.040
 2014      -0.023     0.018     0.033     0.031    -0.007    -0.024    -0.016     0.007     0.024     0.053    -0.030    -0.078
 2015      -0.016     0.012     0.019     0.033    -0.012     0.033     0.004     0.037    -0.025    -0.019    -0.017    -0.014
 2016       0.022    -0.006    -0.014     0.006     0.000     0.026    -0.012    -0.025    -0.030    -0.023     0.011    -0.023
 2017       0.038    -0.000    -0.006    -0.002    -0.005    -0.055     0.011     0.009    -0.056     0.036     0.015     0.015
 2018       0.017    -0.023    -0.022     0.012     0.012     0.001     0.010    -0.006    -0.007    -0.006    -0.003    -0.014
 2019      -0.018    -0.010     0.016     0.004     0.044    -0.011    -0.009    -0.004    -0.037     0.046     0.002     0.003
 2020       0.024     0.016    -0.020    -0.037    -0.029    -0.010    -0.008     0.003     0.039     0.020    -0.023     0.030
 2021       0.030    -0.017    -0.010     0.010    -0.001    -0.004     0.051     0.002     0.066     0.054     0.012     0.034
 2022       0.040    -0.039     0.111     0.060     0.035     0.022     0.040     0.031    -0.031    -0.069     0.051    -0.036
 2023      -0.004    -0.061     0.031    -0.032    -0.038    -0.039    -0.009    -0.020     0.022    -0.013     0.058    -0.081
 2024       0.022     0.045    -0.037     0.016    -0.006    -0.024     0.033    -0.010    -0.048     0.048    -0.006    -0.028
 2025       0.054     0.009    -0.021    -0.025    -0.009    -0.047     0.050    -0.026     0.002    -0.054     0.013    -0.011
 2026      -0.010    -0.013     0.049     0.095    -0.028    -0.013    -0.052     0.041

 STUDENTIZED EXTENDED RESIDUAL OF  3.4307  AT T=148    ( 3 2022)



  TEST-STATISTICS ON EXTENDED RESIDUALS
  -------------------------------------


           MEAN=  0.9717D-04
        ST.DEV.=  0.2201D-03
        OF MEAN
        T-VALUE=  0.4414

 NORMALITY TEST=     4.244        ( CHI-SQUARE(2) )
       SKEWNESS=  0.2427          ( SE =  0.1732 )
       KURTOSIS=  3.5231          ( SE =  0.3464 )

 SUM OF SQUARES=  0.1940D-02

  DURBIN-WATSON=  2.0437

 STANDARD DEVI.=  0.3247D-02
 OF RESID.
       VARIANCE=  0.1055D-04
       OF RESID.


  NON-PARAMETRIC TEST FOR RESIDUAL SEASONALITY (FRIEDMAN) SEAS_NP =      6.67
   ASYMP. DISTRIBUTED AS CHI-SQUARE(11)
Critical value 99%:     24.73
Critical value 95%:     19.68



 AUTOCORRELATIONS OF EXTENDED RESIDUALS
 --------------------------------------

     -0.0275  -0.0112   0.0382  -0.0168   0.0309   0.1046  -0.1209   0.1045   0.0946   0.0494   0.0165  -0.0915
 SE   0.0707   0.0708   0.0708   0.0709   0.0709   0.0710   0.0717   0.0727   0.0735   0.0741   0.0743   0.0743

     -0.1913  -0.0357   0.0590  -0.0514  -0.0838   0.0133   0.0200   0.0228  -0.0762   0.0325  -0.1041  -0.0534
 SE   0.0748   0.0772   0.0773   0.0776   0.0777   0.0782   0.0782   0.0782   0.0782   0.0786   0.0787   0.0794

     -0.0375   0.0983  -0.0377   0.0050  -0.0075   0.0817   0.0264  -0.0712  -0.0143   0.0578  -0.0347  -0.0100
 SE   0.0795   0.0796   0.0802   0.0803   0.0803   0.0803   0.0807   0.0808   0.0811   0.0811   0.0813   0.0814


 THE LJUNG-BOX Q VALUE IS      28.64 AND IF RESIDUALS ARE RANDOM IT SHOULD BE DISTRIBUTED AS CHI-SQUARE (21)

 APPROXIMATE TEST OF RUNS ON EXTENDED RESIDUALS
 ----------------------------------------------

  NUM.DATA= 200
   NUM.(+)= 100
   NUM.(-)= 100
   T-VALUE=       -1.70    



 AUTOCORRELATIONS OF SQUARED EXTENDED RESIDUALS
 ---------------------------------------------

      0.1272   0.0461   0.0383   0.0046   0.0391   0.1640   0.1348   0.0887   0.1105   0.0676  -0.0146   0.0363
 SE   0.0707   0.0718   0.0720   0.0721   0.0721   0.0722   0.0740   0.0753   0.0758   0.0766   0.0769   0.0769

      0.0771   0.0059   0.0306   0.0075  -0.0269   0.0931   0.0103   0.0958   0.0682  -0.0154   0.0506  -0.0302
 SE   0.0770   0.0774   0.0774   0.0774   0.0774   0.0775   0.0780   0.0780   0.0786   0.0789   0.0789   0.0791

      0.0037  -0.0008   0.0187   0.0731   0.0622   0.0211  -0.0307  -0.0259   0.0037   0.0398  -0.0387   0.0029
 SE   0.0792   0.0792   0.0792   0.0792   0.0795   0.0798   0.0798   0.0798   0.0799   0.0799   0.0800   0.0801


 THE LJUNG-BOX Q VALUE IS      25.35 AND IF RESIDUALS ARE RANDOM IT SHOULD BE DISTRIBUTED AS CHI-SQUARE (24)

 BACKWARD RESIDUALS
    X  10.0D-2


 YEAR        JAN       FEB       MAR       APR       MAY       JUN       JUL       AUG       SEP       OCT       NOV       DEC 

 2009                                                                                                                    -0.225
 2010      -0.086     0.494    -0.193    -0.174     0.103    -0.489     0.265     0.029     0.422     0.060     0.028     0.129
 2011       0.123    -0.243    -0.023    -0.224    -0.093     0.159     0.162     0.028     0.118    -0.213    -0.726     0.206
 2012      -0.352     0.227     0.091     0.015     0.370     0.331     0.027    -0.443    -0.250     0.494    -0.076     0.093
 2013      -0.021     0.028     0.937     0.383    -0.543     0.118     0.105    -0.067     0.618    -0.081    -0.611     0.424
 2014      -0.154    -0.221    -0.187    -0.069     0.083     0.267     0.111    -0.430    -0.628     0.039     0.404     0.560
 2015      -0.049    -0.007    -0.106     0.232    -0.386     0.062    -0.453    -0.215     0.063     0.203    -0.029     0.086
 2016      -0.130     0.158     0.045     0.051    -0.616     0.049     0.072    -0.027     0.331     0.062     0.193    -0.055
 2017      -0.224     0.048     0.022    -0.003     0.279     0.103    -0.085     0.565    -0.050     0.088    -0.208     0.013
 2018       0.007     0.395     0.063    -0.023    -0.204    -0.010    -0.026    -0.014     0.110     0.129    -0.001     0.497
 2019       0.100     0.181     0.214    -0.438    -0.183     0.192     0.012     0.543    -0.288     0.163    -0.135     0.009
 2020      -0.514     0.196     0.447     0.248    -0.025     0.466     0.216    -0.085    -0.149     0.602    -0.338    -0.012
 2021      -0.045     0.512     0.390     0.284     0.242     0.131     0.487    -0.235    -0.433     0.433    -0.405    -0.038
 2022       0.580    -0.573    -0.309    -0.464    -0.608    -0.551    -0.755    -0.279     0.211    -0.543    -0.413    -0.208
 2023       0.374    -0.552     0.198     0.094     0.052     0.175     0.246    -0.248     0.143    -0.542     0.518     0.014
 2024      -0.429     0.312     0.061    -0.007     0.079    -0.274     0.051     0.491    -0.498     0.033     0.227    -0.538
 2025      -0.351     0.063     0.364    -0.030     0.410    -0.591     0.223    -0.086     0.476    -0.003     0.200     0.261
 2026       0.389    -0.150    -0.797     0.087     0.020     0.487    -0.258

 PART 2 : DERIVATION OF THE MODELS FOR THE COMPONENTS AND ESTIMATORS
 -------------------------------------------------------------------



 SERIES TITLE: IPC Chile experimental                                                          

 MODEL PARAMETERS
 (1,1,1)(0,1,1)

 PARAMETER VALUES : COEFFIC. OF POLYNOMIALS IN B OF THE MODEL (TRUE SIGNS)

 THETA PARAMETERS
  1.00  -0.71

 BTHETA PARAMETERS
  1.00   0.00   0.00   0.00   0.00   0.00   0.00   0.00   0.00   0.00   0.00   0.00  -0.85

 PHI PARAMETERS
  1.00  -0.92

 BPHI PARAMETERS
  1.00

 NUMERATOR OF THE MODEL (TOTAL MOVING AVERAGE POLYNOMIAL)
 --------------------------------------------------------
  1.0000 -0.7119  0.0000  0.0000  0.0000  0.0000  0.0000  0.0000  0.0000  0.0000  0.0000  0.0000
 -0.8453  0.6018



 FACTORIZATION OF THE TOTAL AUTOREGRESSIVE POLYNOMIAL
 -----------------------------------------------------


 STATIONARY AUTOREGRESSIVE TREND-CYCLE
  1.0000 -0.9186

 NON-STATIONARY AUTOREGRESSIVE TREND-CYCLE
  1.0000 -2.0000  1.0000

 AUTOREGRESSIVE TREND-CYCLE
 --------------------------
  1.0000 -2.9186  2.8372 -0.9186

 STATIONARY AUTOREGRESSIVE TRANSITORY COMPONENT
  1.0000

 NON-STATIONARY AUTOREGRESSIVE TRANSITORY COMP
  1.0000

 AUTOREGRESSIVE TRANSITORY COMP.
 ------------------------------
  1.0000

 STATIONARY AUTOREGRESSIVE SEASONAL COMPONENT
  1.0000

 NON-STATIONARY AUTOREGRESSIVE SEASONAL COMPONENT
  1.0000  1.0000  1.0000  1.0000  1.0000  1.0000  1.0000  1.0000  1.0000  1.0000  1.0000  1.0000

 AUTOREGRESSIVE SEASONAL COMPONENT
 ---------------------------------
  1.0000  1.0000  1.0000  1.0000  1.0000  1.0000  1.0000  1.0000  1.0000  1.0000  1.0000  1.0000

 STATIONARY AUTOREGRESSIVE SEASONALLY ADJUSTED COMPONENT
  1.0000 -0.9186

 NON-STATIONARY AUTOREGRESSIVE SEASONALLY ADJUSTED COMPONENT
  1.0000 -2.0000  1.0000

 AUTOREGRESSIVE SEASONALLY ADJUSTED COMPONENT
 --------------------------------------------
  1.0000 -2.9186  2.8372 -0.9186

 TOTAL DENOMINATOR (TOTAL AUTOREGRESSIVE POLYOMIAL)
 --------------------------------------------------
  1.0000 -1.9186  0.9186  0.0000  0.0000  0.0000  0.0000  0.0000  0.0000  0.0000  0.0000  0.0000
 -1.0000  1.9186 -0.9186



FACTORIZATION OF THE MA POLYN FOR THE COMPONENTS
-------------------------------------------------


     MA ROOTS OF TREND-CYCLE
     ---------------------------------------------------------
    REAL PART    IMAGINARY PART     MODULUS        ARGUMENT    PERIOD
        0.715          0.000           0.715          0.000      -  
       -1.000          0.000           1.000        180.000     2.0 
        0.986          0.000           0.986          0.000      -  

     TOTAL SQUARED ERROR=  0.9244464D-31


     MA ROOTS OF SEASONAL
     ---------------------------------------------------------
    REAL PART    IMAGINARY PART     MODULUS        ARGUMENT    PERIOD
        0.628          0.632           0.891         45.178       7.968
       -0.681          0.678           0.961        135.132       2.664
        0.232          0.879           0.909         75.249       4.784
       -0.245          0.901           0.933        105.208       3.422
        0.141          0.000           0.141          0.000      -  
       -0.966          0.258           1.000        165.045       2.181

     TOTAL SQUARED ERROR=  0.7726703D-27


     MA ROOTS OF SEASONALLY ADJUSTED SERIES
     ---------------------------------------------------------
    REAL PART    IMAGINARY PART     MODULUS        ARGUMENT    PERIOD
        0.001          0.000           0.001          0.000      -  
        0.712          0.000           0.712          0.000      -  
        0.986          0.000           0.986          0.000      -  

     TOTAL SQUARED ERROR=  0.3191171D-25

      DERIVATION OF THE COMPONENT MODELS :  OK                                                                              




                     MODELS FOR THE COMPONENTS
                     -------------------------






 TREND-CYCLE NUMERATOR (MOVING AVERAGE POL.)
    1.00000   -0.70144   -0.99604    0.70540
 TREND-CYCLE DENOMINATOR (AUTOREGRESSIVE POL.)
    1.00000   -2.91861    2.83722   -0.91861
 INNOV. VAR. (*)    0.220016

  (*)   IN UNITS OF VAR(A)



 SEAS. NUMERATOR (MOVING AVERAGE POL.)
    1.00000    1.92335    2.44459    2.68574    2.65986    2.44492    2.09887    1.66349    1.21922    0.75272    0.39179   -0.07438
 SEAS. DENOMINATOR (AUTOREGRESSIVE POL.)
    1.00000    1.00000    1.00000    1.00000    1.00000    1.00000    1.00000    1.00000    1.00000    1.00000    1.00000    1.00000
 INNOV. VAR. (*)    0.006795



 IRREGULAR
 VAR. (*)      0.16945



 SEASONALLY ADJUSTED NUMERATOR (MOVING AVERAGE POL.)
    1.00000   -1.69899    0.70352   -0.00054

 SEASONALLY ADJUSTED DENOMINATOR (AUTOREGRESSIVE POL.)
    1.00000   -2.91861    2.83722   -0.91861
 INNOV. VAR. (*)    0.861807

  (*)   IN UNITS OF VAR(A)


    ARIMA MODEL FOR ESTIMATORS

    Innovation are these in observed series (a(t))


      1. SA SERIES [n(t)]



        (1) HISTORICAL ESTIMATOR

        
(1-0.7119F-0.8453F^12+ 0.6018F^13)(1-0.9186B)[(1-B)^2]N(t)=KN(1 -1.699B+ 0.7035B^2-0.5387E-03B^3)
(1 -1.699F+ 0.7035F^2-0.5387E-03F^3)(1+F+F^2+F^3+F^4+F^5+F^6+F^7+F^8+F^9+F^10+F^11)a(t)

        KN=  0.861807


        (2) CONCURRENT ESTIMATOR[N(t|t)]

        (1-0.9186B)[(1-B)^2]N(t|t)=KcN(1 -1.709B+ 0.7132B^2-0.4825E-03B^3)a(t)

        KcN=  0.962170


     MA ROOTS of concurrent estimator
     ---------------------------------------------------------
    REAL PART    IMAGINARY PART     MODULUS        ARGUMENT    PERIOD
        0.986          0.000           0.986          0.000      -  
        0.722          0.000           0.722          0.000      -  
        0.001          0.000           0.001          0.000      -  


        (3) REVISION IN CONCURRENT ESTIMATOR [R(t|t)]

        (1-0.7119F-0.8453F^12+ 0.6018F^13)R(t|t)=KrN F

(1+ 0.2704E-01F-0.3319E-01F^2-0.7993E-01F^3-0.1180F^4-0.1467F^5-0.1654F^6-0.1734F^7-0.1700F^8-0.1543F^9-0.1254F^10
-0.8320E-01F^11+ 0.3012F^12-0.5333E-02F^13)a(t)

        KrN=  0.007578


      2. TREND-CYCLE COMPONENT [P(t)]



        (1) HISTORICAL ESTIMATOR

        
(1-0.7119F-0.8453F^12+ 0.6018F^13)(1-0.9186B)[(1-B)^2]P(t)=KP(1-0.7014B-0.9960B^2+ 0.7054B^3)
(1-0.7014F-0.9960F^2+ 0.7054F^3)(1+F+F^2+F^3+F^4+F^5+F^6+F^7+F^8+F^9+F^10+F^11)a(t)

        KP=  0.220016


        (2) CONCURRENT ESTIMATOR[P(t|t)]

        (1-0.9186B)[(1-B)^2]P(t|t)=KcP(1 -1.450B+ 0.2592B^2+ 0.1958B^3)a(t)

        KcP=  0.792716


     MA ROOTS of concurrent estimator
     ---------------------------------------------------------
    REAL PART    IMAGINARY PART     MODULUS        ARGUMENT    PERIOD
        0.986          0.000           0.986          0.000      -  
        0.734          0.000           0.734          0.000      -  
       -0.270          0.000           0.270        180.000     2.0 


        (3) REVISION IN CONCURRENT ESTIMATOR [R(t|t)]

        (1-0.7119F-0.8453F^12+ 0.6018F^13)R(t|t)=KrP F

(1-0.5259F-0.9912E-02F^2-0.2387E-01F^3-0.3522E-01F^4-0.4379E-01F^5-0.4939E-01F^6-0.5179E-01F^7-0.5078E-01F^8
-0.4609E-01F^9-0.3745E-01F^10+ 0.6505E-01F^11-0.6755F^12+ 0.5324F^13)a(t)

        KrP=  0.084990


      3. SEASONAL COMPONENT [S(t)]



        (1) HISTORICAL ESTIMATOR

        (1-0.7119F-0.8453F^12+ 0.6018F^13)(1+B+B^2+B^3+B^4+B^5+B^6+B^7+B^8+B^9+B^10+B^11)S(t)=KS

(1+  1.923B+  2.445B^2+  2.686B^3+  2.660B^4+  2.445B^5+  2.099B^6+  1.663B^7+  1.219B^8+ 0.7527B^9+ 0.3918B^10-0.7438E-01B^11)

(1+  1.923F+  2.445F^2+  2.686F^3+  2.660F^4+  2.445F^5+  2.099F^6+  1.663F^7+  1.219F^8+ 0.7527F^9+ 0.3918F^10
-0.7438E-01F^11)(1-0.9186F)[(1-F)^2]a(t)

        KS=  0.006795


        (2) CONCURRENT ESTIMATOR[S(t|t)]

        (1+B+B^2+B^3+B^4+B^5+B^6+B^7+B^8+B^9+B^10+B^11)
S(t|t)=KcS

(1+  2.130B+  3.269B^2+  4.318B^3+  5.186B^4+  5.791B^5+  6.054B^6+  5.906B^7+  5.283B^8+  4.124B^9+  2.375B^10
-0.1336E-01B^11)a(t)

        KcS=  0.037830


     MA ROOTS of concurrent estimator
     ---------------------------------------------------------
    REAL PART    IMAGINARY PART     MODULUS        ARGUMENT    PERIOD
       -0.284          1.056           1.094        105.054       3.427
        0.769          0.758           1.080         44.561       8.079
       -0.776          0.774           1.096        135.055       2.666
        0.283          1.053           1.090         74.971       4.802
       -1.060          0.284           1.097        165.022       2.182
        0.006          0.000           0.006          0.000      -  


        (3) REVISION IN CONCURRENT ESTIMATOR [R(t|t)]

        (1-0.7119F-0.8453F^12+ 0.6018F^13)R(t|t)=KrS F

(1+ 0.2704E-01F-0.3319E-01F^2-0.7993E-01F^3-0.1180F^4-0.1467F^5-0.1654F^6-0.1734F^7-0.1700F^8-0.1543F^9-0.1254F^10
-0.8320E-01F^11+ 0.3012F^12-0.5333E-02F^13)a(t)

        KrS=  0.007578


      4. IRREGULAR COMPONENT [U(t)]



        (1) HISTORICAL ESTIMATOR

        (1-0.7119F-0.8453F^12+ 0.6018F^13)U(t)=KU(1-0.9186F)(1-F)(1-F^12)a(t)

        KU=  0.169455


        (2) CONCURRENT ESTIMATOR[U(t|t)]

        U(t|t)=KcUa(t)

        KcU=  0.169455


        (3) REVISION IN CONCURRENT ESTIMATOR [R(t|t)]

        (1-0.7119F-0.8453F^12+ 0.6018F^13)R(t|t)=KrU F(1-0.7613F+ 0.1282F^11 -1.091F^12+ 0.7613F^13)a(t)

        KrU=  0.041812


    MOVING AVERAGE REPRESENTATION OF ESTIMATORS (NONSTATIONARY)


    The model for the components differs from that of its theoretical MMSE estimator.
    The MA expressions of the estimators in terms of the observed series innovation
    is given below.
    (Negative lags represent future values; positive lags represent past values.
    Lag 0 denotes the last observed period.


    The last column (the sum of the Psi-Weights) should be zero
    for negative lags, 1 for lag=0, and equal to the Box-Jenkins
    Psi-Weights for positive lags.

    PSIEP(LAG), for example, represents the effect of the overall
    innovation at period (t-lag) on the estimator of the trend for period t.
    Similarly for the other components.



    LAG      PSIEP       PSIES       PSIEC       PSIEA       PSIUE             PSIX

    -24     -0.0071      0.0293      0.0000     -0.0293     -0.0222          -0.0000
    -23     -0.0326      0.0326      0.0000     -0.0326     -0.0001          -0.0000
    -22     -0.0328      0.0329      0.0000     -0.0329     -0.0001          -0.0000
    -21     -0.0301      0.0302      0.0000     -0.0302     -0.0001          -0.0000
    -20     -0.0246      0.0248      0.0000     -0.0248     -0.0002          -0.0000
    -19     -0.0167      0.0169      0.0000     -0.0169     -0.0003          -0.0000
    -18     -0.0064      0.0067      0.0000     -0.0067     -0.0004          -0.0000
    -17      0.0062     -0.0057      0.0000      0.0057     -0.0005          -0.0000
    -16      0.0209     -0.0202      0.0000      0.0202     -0.0007          -0.0000
    -15      0.0377     -0.0367      0.0000      0.0367     -0.0010          -0.0000
    -14      0.0564     -0.0550      0.0000      0.0550     -0.0014          -0.0000
    -13      0.0432     -0.0751      0.0000      0.0751      0.0319          -0.0000
    -12     -0.0089      0.0347      0.0000     -0.0347     -0.0259          -0.0000
    -11     -0.0391      0.0386      0.0000     -0.0386      0.0005          -0.0000
    -10     -0.0396      0.0389      0.0000     -0.0389      0.0007          -0.0000
     -9     -0.0367      0.0358      0.0000     -0.0358      0.0009          -0.0000
     -8     -0.0308      0.0295      0.0000     -0.0295      0.0013          -0.0000
     -7     -0.0220      0.0202      0.0000     -0.0202      0.0018          -0.0000
     -6     -0.0107      0.0081      0.0000     -0.0081      0.0026          -0.0000
     -5      0.0029     -0.0065      0.0000      0.0065      0.0036          -0.0000
     -4      0.0185     -0.0236      0.0000      0.0236      0.0051          -0.0000
     -3      0.0357     -0.0429      0.0000      0.0429      0.0072          -0.0000
     -2      0.0542     -0.0643      0.0000      0.0643      0.0101          -0.0000
     -1      0.2915     -0.0871      0.0000      0.0871     -0.2045          -0.0000

      0      0.7927      0.0378      0.0000      0.9622      0.1695           1.0000

      1      1.1639      0.0427      0.0000      1.1639      0.0000           1.2067
      2      1.3535      0.0431      0.0000      1.3535      0.0000           1.3966
      3      1.5313      0.0397      0.0000      1.5313      0.0000           1.5710
      4      1.6983      0.0329      0.0000      1.6983      0.0000           1.7312
      5      1.8555      0.0229      0.0000      1.8555      0.0000           1.8784
      6      2.0036      0.0100      0.0000      2.0036      0.0000           2.0136
      7      2.1433     -0.0056      0.0000      2.1433      0.0000           2.1378
      8      2.2754     -0.0236      0.0000      2.2754      0.0000           2.2518
      9      2.4005     -0.0438      0.0000      2.4005      0.0000           2.3566
     10      2.5191     -0.0662      0.0000      2.5191      0.0000           2.4529
     11      2.6317     -0.0904      0.0000      2.6317      0.0000           2.5413
     12      2.7389      0.0383      0.0000      2.7389      0.0000           2.7772
     13      2.8411      0.0427      0.0000      2.8411      0.0000           2.8838
     14      2.9386      0.0431      0.0000      2.9386      0.0000           2.9817
     15      3.0320      0.0397      0.0000      3.0320      0.0000           3.0717
     16      3.1215      0.0329      0.0000      3.1215      0.0000           3.1543
     17      3.2073      0.0229      0.0000      3.2073      0.0000           3.2302
     18      3.2900      0.0100      0.0000      3.2900      0.0000           3.2999
     19      3.3696     -0.0056      0.0000      3.3696      0.0000           3.3640
     20      3.4464     -0.0236      0.0000      3.4464      0.0000           3.4228
     21      3.5207     -0.0438      0.0000      3.5207      0.0000           3.4768
     22      3.5926     -0.0662      0.0000      3.5926      0.0000           3.5265
     23      3.6625     -0.0904      0.0000      3.6625      0.0000           3.5721
     24      3.7303      0.0383      0.0000      3.7303      0.0000           3.7686


  DETERMINISTIC COMPONENT FROM regARIMA
  -------------------------------------
              NONE
      DERIVATION OF THE FILTERS :  OK                                                                              


    WIENER-KOLMOGOROV FILTERS (ONE SIDE)
    ------------------------------------

    TREND-CYCLE COMPONENT

   0.4756   0.2399   0.0045   0.0051   0.0055   0.0057   0.0059   0.0060   0.0061   0.0061   0.0061  -0.0121
  -0.0304  -0.0122   0.0059   0.0058   0.0057   0.0056   0.0055   0.0055   0.0054   0.0053   0.0053  -0.0102
  -0.0256  -0.0103   0.0050   0.0049   0.0048   0.0047   0.0047   0.0046   0.0046   0.0045   0.0045  -0.0086
  -0.0217  -0.0087   0.0042   0.0042   0.0041   0.0040   0.0040   0.0039   0.0039   0.0038   0.0038  -0.0073
  -0.0183  -0.0074   0.0036   0.0035   0.0035   0.0034   0.0033   0.0033   0.0033   0.0032   0.0032  -0.0061

    SA SERIES COMPONENT

   0.9280   0.0060   0.0067   0.0066   0.0066   0.0065   0.0064   0.0063   0.0063   0.0062   0.0061   0.0061
  -0.0653   0.0059   0.0058   0.0057   0.0056   0.0055   0.0055   0.0054   0.0053   0.0052   0.0052   0.0051
  -0.0552   0.0050   0.0049   0.0048   0.0047   0.0047   0.0046   0.0045   0.0045   0.0044   0.0044   0.0043
  -0.0467   0.0042   0.0041   0.0041   0.0040   0.0040   0.0039   0.0038   0.0038   0.0037   0.0037   0.0037
  -0.0395   0.0036   0.0035   0.0034   0.0034   0.0033   0.0033   0.0032   0.0032   0.0032   0.0031   0.0031

    SEASONAL COMPONENT

   0.0720  -0.0060  -0.0067  -0.0066  -0.0066  -0.0065  -0.0064  -0.0063  -0.0063  -0.0062  -0.0061  -0.0061
   0.0653  -0.0059  -0.0058  -0.0057  -0.0056  -0.0055  -0.0055  -0.0054  -0.0053  -0.0052  -0.0052  -0.0051
   0.0552  -0.0050  -0.0049  -0.0048  -0.0047  -0.0047  -0.0046  -0.0045  -0.0045  -0.0044  -0.0044  -0.0043
   0.0467  -0.0042  -0.0041  -0.0041  -0.0040  -0.0040  -0.0039  -0.0038  -0.0038  -0.0037  -0.0037  -0.0037
   0.0395  -0.0036  -0.0035  -0.0034  -0.0034  -0.0033  -0.0033  -0.0032  -0.0032  -0.0032  -0.0031  -0.0031

    IRREGULAR COMPONENT

   0.4524  -0.2339   0.0022   0.0016   0.0011   0.0008   0.0005   0.0003   0.0002   0.0001  -0.0000   0.0182
  -0.0349   0.0181  -0.0001  -0.0001  -0.0001  -0.0001  -0.0001  -0.0001  -0.0001  -0.0001  -0.0002   0.0153
  -0.0296   0.0153  -0.0002  -0.0001  -0.0001  -0.0001  -0.0001  -0.0001  -0.0001  -0.0001  -0.0001   0.0129
  -0.0250   0.0129  -0.0001  -0.0001  -0.0001  -0.0001  -0.0001  -0.0001  -0.0001  -0.0001  -0.0001   0.0109
  -0.0211   0.0109  -0.0001  -0.0001  -0.0001  -0.0001  -0.0000  -0.0001  -0.0001  -0.0001  -0.0001   0.0092

    Filters



    LAG           TREND-CYCLE           SA SERIES           SEASONAL           TRANSITORY           IRREGULAR

     0            0.4756            0.9280            0.0720            0.0000            0.4524
     1            0.2399            0.0060           -0.0060            0.0000           -0.2339
     2            0.0045            0.0067           -0.0067            0.0000            0.0022
     3            0.0051            0.0066           -0.0066            0.0000            0.0016
     4            0.0055            0.0066           -0.0066            0.0000            0.0011
     5            0.0057            0.0065           -0.0065            0.0000            0.0008
     6            0.0059            0.0064           -0.0064            0.0000            0.0005
     7            0.0060            0.0063           -0.0063            0.0000            0.0003
     8            0.0061            0.0063           -0.0063            0.0000            0.0002
     9            0.0061            0.0062           -0.0062            0.0000            0.0001
    10            0.0061            0.0061           -0.0061            0.0000           -0.0000
    11           -0.0121            0.0061           -0.0061            0.0000            0.0182
    12           -0.0304           -0.0653            0.0653            0.0000           -0.0349
    13           -0.0122            0.0059           -0.0059            0.0000            0.0181
    14            0.0059            0.0058           -0.0058            0.0000           -0.0001
    15            0.0058            0.0057           -0.0057            0.0000           -0.0001
    16            0.0057            0.0056           -0.0056            0.0000           -0.0001
    17            0.0056            0.0055           -0.0055            0.0000           -0.0001
    18            0.0055            0.0055           -0.0055            0.0000           -0.0001
    19            0.0055            0.0054           -0.0054            0.0000           -0.0001
    20            0.0054            0.0053           -0.0053            0.0000           -0.0001
    21            0.0053            0.0052           -0.0052            0.0000           -0.0001
    22            0.0053            0.0052           -0.0052            0.0000           -0.0002
    23           -0.0102            0.0051           -0.0051            0.0000            0.0153
    24           -0.0256           -0.0552            0.0552            0.0000           -0.0296
    25           -0.0103            0.0050           -0.0050            0.0000            0.0153
    26            0.0050            0.0049           -0.0049            0.0000           -0.0002
    27            0.0049            0.0048           -0.0048            0.0000           -0.0001
    28            0.0048            0.0047           -0.0047            0.0000           -0.0001
    29            0.0047            0.0047           -0.0047            0.0000           -0.0001
    30            0.0047            0.0046           -0.0046            0.0000           -0.0001
    31            0.0046            0.0045           -0.0045            0.0000           -0.0001
    32            0.0046            0.0045           -0.0045            0.0000           -0.0001
    33            0.0045            0.0044           -0.0044            0.0000           -0.0001
    34            0.0045            0.0044           -0.0044            0.0000           -0.0001
    35           -0.0086            0.0043           -0.0043            0.0000            0.0129
    36           -0.0217           -0.0467            0.0467            0.0000           -0.0250
    37           -0.0087            0.0042           -0.0042            0.0000            0.0129
    38            0.0042            0.0041           -0.0041            0.0000           -0.0001
    39            0.0042            0.0041           -0.0041            0.0000           -0.0001
    40            0.0041            0.0040           -0.0040            0.0000           -0.0001
    41            0.0040            0.0040           -0.0040            0.0000           -0.0001
    42            0.0040            0.0039           -0.0039            0.0000           -0.0001
    43            0.0039            0.0038           -0.0038            0.0000           -0.0001
    44            0.0039            0.0038           -0.0038            0.0000           -0.0001
    45            0.0038            0.0037           -0.0037            0.0000           -0.0001
    46            0.0038            0.0037           -0.0037            0.0000           -0.0001
    47           -0.0073            0.0037           -0.0037            0.0000            0.0109
    48           -0.0183           -0.0395            0.0395            0.0000           -0.0211
    49           -0.0074            0.0036           -0.0036            0.0000            0.0109
    50            0.0036            0.0035           -0.0035            0.0000           -0.0001
    51            0.0035            0.0034           -0.0034            0.0000           -0.0001
    52            0.0035            0.0034           -0.0034            0.0000           -0.0001
    53            0.0034            0.0033           -0.0033            0.0000           -0.0001
    54            0.0033            0.0033           -0.0033            0.0000           -0.0000
    55            0.0033            0.0032           -0.0032            0.0000           -0.0001
    56            0.0033            0.0032           -0.0032            0.0000           -0.0001
    57            0.0032            0.0032           -0.0032            0.0000           -0.0001
    58            0.0032            0.0031           -0.0031            0.0000           -0.0001
    59           -0.0061            0.0031           -0.0031            0.0000            0.0092




    CONTRIBUTION OF ORIGINAL SERIES AND OF ITS INNOVATIONS TO THE ESTIMATOR
    OF THE COMPONENTS FOR THE PRESENT PERIOD.

    COMPONENT                      TREND-CYCLE                  SEASONAL COMPONENT              TRANS.+IRREGULAR

    CONTRIBUTION OF        OBSERVATION    INNOVATION        OBSERVATION    INNOVATION        OBSERVATION    INNOVATION

    LAST PERIOD               0.476          0.793             0.072          0.038             0.452          0.169

    NEXT PERIOD               0.240          0.292            -0.006         -0.087            -0.234         -0.204

    1 YEAR AHEAD             -0.030         -0.009             0.065          0.035            -0.035         -0.026

    2 YEAR AHEAD             -0.026         -0.007             0.055          0.029            -0.030         -0.022



    Check :
            - The sum of the 3 weights associated with the observation,
              for the last period, should be 1.0.
            - The same should happen with the 3 weights associated with the innovations for the last period.
            - The sum of the 3 weights associated with the innovation, for future period,
              should be zero.

    Note : some examples
            * If the last observation on the series has a relatively large weight for the seasonal
              component, the series contains a relatively important seasonal component.
            * If next period innovation has a relatively large weight for the trend-cycle
              component, the estimator of this component will be strongly affected by the
              next period forecast error (i.e., the first revision of the concurrent
              estimator will be large).
            * If the weight for some component, associated with the innovation two-year into
              the future is large, this would indicate that the estimator, after two years of
              revisions is still far from convergence.



    DISTRIBUTION OF COMPONENT, THEORETICAL ESTIMATOR AND EMPIRICAL ESTIMATE
    -----------------------------------------------------------------------


           AUTOCORRELATION FUNCTION OF COMPONENTS (STATIONARY TRANSFORMATION)






                               TREND-CYCLE

 LAG          COMPONENT    ESTIMATOR     ESTIMATE      SE

   1            0.041        0.298        0.284        0.046
   2           -0.462       -0.427       -0.431        0.063
   3           -0.006       -0.229       -0.240        0.080
   4           -0.006       -0.009       -0.016        0.093
   5           -0.005       -0.008        0.064        0.096
   6           -0.005       -0.007       -0.003        0.087
   7           -0.004       -0.007       -0.122        0.096
   8           -0.004       -0.006        0.023        0.093
   9           -0.004        0.012        0.184        0.093
  10           -0.003        0.028        0.168        0.093
  11           -0.003       -0.028        0.028        0.095
  12           -0.003       -0.082       -0.231        0.087



 VAR.(*)        0.371        0.182        0.171        0.024



                            SA SERIES

 LAG          COMPONENT    ESTIMATOR     ESTIMATE      SE

   1           -0.477       -0.478       -0.469        0.052
   2           -0.001       -0.001       -0.029        0.087
   3           -0.002       -0.001        0.047        0.087
   4           -0.002       -0.001       -0.068        0.087
   5           -0.001       -0.001        0.014        0.087
   6           -0.001       -0.001        0.129        0.082
   7           -0.001       -0.001       -0.208        0.087
   8           -0.001       -0.001        0.114        0.087
   9           -0.001       -0.001        0.020        0.087
  10           -0.001       -0.001       -0.012        0.087
  11           -0.001        0.036        0.078        0.086
  12           -0.001       -0.078       -0.074        0.082



 VAR.(*)        1.388        1.280        1.220        0.158



                                 SEASONAL

 LAG          COMPONENT    ESTIMATOR     ESTIMATE      SE

   1            0.959        0.830        0.750        0.026
   2            0.857        0.452        0.417        0.047
   3            0.718       -0.002        0.051        0.042
   4            0.564       -0.422       -0.302        0.051
   5            0.412       -0.721       -0.553        0.092
   6            0.277       -0.844       -0.609        0.108
   7            0.166       -0.771       -0.601        0.076
   8            0.085       -0.519       -0.413        0.053
   9            0.033       -0.136       -0.149        0.100
  10            0.006        0.296        0.115        0.130
  11           -0.002        0.670        0.352        0.117
  12            0.000        0.863        0.557        0.080



 VAR.(*)        0.274        0.005        0.001        0.003



                                 IRREGULAR

 LAG          COMPONENT    ESTIMATOR     ESTIMATE      SE

   1            0.000       -0.517       -0.513        0.050
   2            0.000        0.005       -0.023        0.089
   3            0.000        0.003        0.056        0.089
   4            0.000        0.002       -0.057        0.089
   5            0.000        0.002        0.008        0.088
   6            0.000        0.001        0.131        0.084
   7            0.000        0.001       -0.216        0.088
   8            0.000        0.000        0.117        0.089
   9            0.000        0.000        0.014        0.089
  10            0.000       -0.000       -0.021        0.089
  11            0.000        0.040        0.087        0.088
  12            0.000       -0.077       -0.070        0.084



 VAR.(*)        0.169        0.077        0.073        0.010


  (*) IN UNITS OF VAR(A)


    For all components it should happen that :
        - Var(Component) > Var(Estimator)
        - Var(Estimator) close to Var(Estimate)


    * If, for a component, Var(Estimator) >> Var(Estimate), there is UNDERESTIMATION
      of the component.

    * If Var(Estimator) << Var(Estimate), the component has been OVERESTIMATED.





  SECOND ORDER MOMENTS OF THE (STATIONARY) COMPONENTS OVER / UNDER ESTIMATION TESTS
  ---------------------------------------------------------------------------------


    1. VARIANCE
    -----------

      TREND-CYCLE (Full)          OK            
      TREND-CYCLE (Noend)         OK            
      TREND-CYCLE (Weighted)      OK            
      SEASONAL (Full)             OK            
      SEASONAL (Noend)            OK            
      SEASONAL (Weighted)         OK            
      IRREGULAR (Full)            OK            
      IRREGULAR (Noend)           OK            
      IRREGULAR (Weighted)        OK            
      ADJUSTED (Full)             OK            
      ADJUSTED (Noend)            OK            
      ADJUSTED (Weighted)         OK            


     ++ : Overestimation of component. Strong evidence (p<.0013).
     +  : Overestimation of component. Mild evidence (.0013<p<.0227).
     -- : Underestimation of component. Strong evidence (p<.0013).
     -  : Underestimation of component. Mild evidence (.0013<p<.0227).


    2. AUTOCOVARIANCE
    -----------------



                                  FIRST ORDER        SEASONAL ORDER
                                  AUTOCOVARIANCE     AUTOCOVARIANCE

      TREND-CYCLE (Full)          OK                   OK            
      TREND-CYCLE (Noend)         OK                   OK            
      TREND-CYCLE (Weighted)      OK                   OK            
      SEASONAL (Full)             OK                   OK            
      SEASONAL (Noend)            OK                   OK            
      SEASONAL (Weighted)         OK                   OK            
      IRREGULAR (Full)            OK                   OK            
      IRREGULAR (Noend)           OK                   OK            
      IRREGULAR (Weighted)        OK                   OK            
      ADJUSTED (Full)             OK                   OK            
      ADJUSTED (Noend)            OK                   OK            
      ADJUSTED (Weighted)         OK                   OK            


     ++ : Too much positive covariance. Strong evidence (p<.0013).
     +  : Too much positive covariance. Mild evidence (.0013<p<.0227).
     -- : Too much negative covariance. Strong evidence (p<.0013).
     -  : Too much negative covariance. Mild evidence (.0013<p<.0227).


    3. CROSSCOVARIANCE
    ------------------



                        SEASONAL           IRREGULAR

      TREND-CYCLE       OK                   OK            
      SEASONAL                             OK            


     ++ : Too much positive crosscovariance. Strong evidence (p<.0013).
     +  : Too much positive crosscovariance. Mild evidence (.0013<p<.0227).
     -- : Too much negative crosscovariance. Strong evidence (p<.0013).
     -  : Too much negative crosscovariance. Mild evidence (.0013<p<.0227).



  WEIGHTS FOR ASYMMETRIC TREND CONCURRENT ESTIMATOR FILTER (semi-infinite realization)

   exp(B)        WEIGHTS     exp(B)        WEIGHTS     exp(B)        WEIGHTS
        0         0.792716        1         0.207381        2        -0.003847
        3         0.000974        4         0.004406        5         0.006849
        6         0.008589        7         0.009827        8         0.010709
        9         0.011336       10         0.011783       11         0.012101
       12        -0.110266       13        -0.019582       14         0.013199
       15         0.012535       16         0.012062       17         0.011726
       18         0.011486       19         0.011316       20         0.011194
       21         0.011108       22         0.011047       23         0.011003
       24        -0.092663       25        -0.016162       26         0.011436
       27         0.010795       28         0.010338       29         0.010013
       30         0.009782       31         0.009617       32         0.009500
       33         0.009416       34         0.009357       35         0.009314
       36        -0.078323       37        -0.013656       38         0.009673
       39         0.009129       40         0.008742       41         0.008466
       42         0.008270       43         0.008130       44         0.008031
       45         0.007960       46         0.007910       47         0.007874
       48        -0.066210       49        -0.011544       50         0.008177
       51         0.007717       52         0.007390       53         0.007157
       54         0.006991       55         0.006873       56         0.006789
       57         0.006729       58         0.006687       59         0.006656
       60        -0.055971



  WEIGHTS FOR ASYMMETRIC SA CONCURRENT ESTIMATOR FILTER (semi-infinite realization)

   exp(B)        WEIGHTS     exp(B)        WEIGHTS     exp(B)        WEIGHTS
        0         0.962170        1         0.002902        2         0.006243
        3         0.008157        4         0.009520        5         0.010490
        6         0.011181        7         0.011672        8         0.012022
        9         0.012272       10         0.012449       11         0.012575
       12        -0.136134       13         0.012281       14         0.011809
       15         0.011546       16         0.011358       17         0.011225
       18         0.011129       19         0.011062       20         0.011014
       21         0.010979       22         0.010955       23         0.010937
       24        -0.114863       25         0.010537       26         0.010094
       27         0.009839       28         0.009658       29         0.009529
       30         0.009437       31         0.009371       32         0.009325
       33         0.009292       34         0.009268       35         0.009251
       36        -0.097096       37         0.008910       38         0.008535
       39         0.008319       40         0.008165       41         0.008056
       42         0.007978       43         0.007922       44         0.007883
       45         0.007855       46         0.007835       47         0.007821
       48        -0.082080       49         0.007532       50         0.007215
       51         0.007032       52         0.006902       53         0.006810
       54         0.006744       55         0.006697       56         0.006664
       57         0.006640       58         0.006623       59         0.006611
       60        -0.069386


         CONCURRENT ESTIMATOR:PHASE DIAGRAM

      period of cycle    Delay(in months)
                       SA series   trend-cycle
            INF           0.0          0.0
       20 years cycle     0.0          0.1
       10 years cycle     0.0          0.1
        5 years cycle     0.1          0.1
        2 years cycle     0.1          0.2



   Stochastic seaonal and trading day spectral peaks

                                    Frequency (cycles per yer)              TD
                               One    Two   Three  Four   Five    Six    (2.1878 rad)
 Seasonally adjusted series    --     --     --     --     --     --        --
 Trend-Cycle component         --     --     --     --     --     --        --
 Irregular   component         --     --     --     --     --     --        --

 AT : peaks detected in AR(30) and using Tukey spectrum estimator
 A- : only peaks detected in AR(30) spectrum estimator
 -T : only peaks detected using Tukey estimator spectrum
 -- : No peaks detected in AR(30) nor using Tukey spectrum estimator




Overall test for residual seasonality 


  Autocorrelation function evidence : NO 
  Non-parametric evidence           : NO 
  Spectral evidence                 : NO 

 No residual seasonality detected in seasonally adjusted series



 PART 3 : ERROR ANALYSIS
 -----------------------




                          FINAL ESTIMATION ERROR                     REVISION IN CONCURRENT ESTIMATOR

 ACF (LAG)             TREND-CYCLE       SA SERIES               TREND-CYCLE      SA SERIES

       1                 0.614             0.618                    0.403           0.615
       2                 0.140             0.250                    0.202           0.251
       3                -0.021            -0.070                    0.005          -0.064
       4                -0.145            -0.318                   -0.151          -0.308
       5                -0.226            -0.477                   -0.259          -0.468
       6                -0.257            -0.539                   -0.311          -0.533
       7                -0.237            -0.501                   -0.306          -0.499
       8                -0.169            -0.366                   -0.245          -0.369
       9                -0.058            -0.144                   -0.131          -0.152
      10                 0.090             0.149                    0.027           0.138
      11                 0.239             0.490                    0.242           0.481
      12                 0.312             0.852                    0.410           0.848

 VAR.(*)                 0.138             0.070                    0.134           0.075




      TOTAL ESTIMATION ERROR (CONCURRENT ESTIMATOR)
      ---------------------------------------------

        ACF (LAG)      TREND-CYCLE      SA SERIES

           1              0.510           0.616
           2              0.170           0.250
           3             -0.008          -0.067
           4             -0.148          -0.313
           5             -0.242          -0.472
           6             -0.284          -0.536
           7             -0.271          -0.500
           8             -0.207          -0.368
           9             -0.094          -0.148
          10              0.059           0.143
          11              0.241           0.485
          12              0.360           0.850

       VAR.(*)            0.272           0.144


  (*) IN UNITS OF VAR(A)



 VARIANCE OF THE REVISION ERROR (*)
 ------------------------------

 ADDITIONAL              TREND-CYCLE      SA SERIES
  PERIODS


      0                  0.1342            0.7466E-01
     12                  0.3854E-01        0.5367E-01
     24                  0.2759E-01        0.3835E-01
     36                  0.1972E-01        0.2741E-01
     48                  0.1409E-01        0.1959E-01
     60                  0.1007E-01        0.1400E-01



  PERCENTAGE REDUCTION IN THE STANDARD ERROR OF THE REVISION AFTER ADDITIONAL YEARS
 (COMPARISON WITH CONCURRENT ESTIMATORS)



   AFTER 1 YEAR         46.40             15.21    
   AFTER 2 YEAR         54.65             28.32    
   AFTER 3 YEAR         61.67             39.41    
   AFTER 4 YEAR         67.59             48.78    
   AFTER 5 YEAR         72.61             56.70    



 VARIANCE OF THE REVISION ERROR FOR THE SEASONAL COMPONENT (ONE YEAR AHEAD ADJUSTMENT)
 -------------------------------------------------------------------------------------

 PERIODS AHEAD          VARIANCE (*)

         0                0.7466E-01
         1                0.7609E-01
         2                0.7792E-01
         3                0.7977E-01
         4                0.8135E-01
         5                0.8243E-01
         6                0.8295E-01
         7                0.8305E-01
         8                0.8308E-01
         9                0.8364E-01
        10                0.8556E-01
        11                0.8993E-01
        12                0.9810E-01



 AVERAGE PERCENTAGE REDUCTION IN RMSE FROM  CONCURRENT ADJUSTMENT  4.408    


  (*) IN UNITS OF VAR(A)


             LOGS DECOMPOSITION OF THE SERIES: RECENT ESTIMATES
             --------------------------------------------------

 PERIOD     SERIES                         TREND-CYCLE                                     SA SERIES

                              ESTIMATE          STANDARD ERROR                    ESTIMATE          STANDARD ERROR
                                              TOTAL         OF  REVISION                           TOTAL         OF  REVISION

   -24    4.649             4.649         0.1321E-02     0.5394E-03              4.650         0.1067E-02     0.6360E-03
   -23    4.650             4.652         0.1321E-02     0.5399E-03              4.650         0.1071E-02     0.6431E-03
   -22    4.659             4.656         0.1326E-02     0.5501E-03              4.657         0.1076E-02     0.6517E-03
   -21    4.662             4.660         0.1330E-02     0.5603E-03              4.661         0.1081E-02     0.6604E-03
   -20    4.660             4.664         0.1333E-02     0.5688E-03              4.662         0.1086E-02     0.6676E-03
   -19    4.670             4.670         0.1336E-02     0.5744E-03              4.671         0.1089E-02     0.6725E-03
   -18    4.674             4.675         0.1337E-02     0.5769E-03              4.676         0.1090E-02     0.6747E-03
   -17    4.679             4.678         0.1337E-02     0.5773E-03              4.678         0.1090E-02     0.6751E-03
   -16    4.681             4.679         0.1337E-02     0.5776E-03              4.679         0.1091E-02     0.6753E-03
   -15    4.683             4.681         0.1339E-02     0.5816E-03              4.682         0.1093E-02     0.6785E-03
   -14    4.679             4.683         0.1345E-02     0.5944E-03              4.681         0.1099E-02     0.6889E-03
   -13    4.688             4.687         0.1357E-02     0.6219E-03              4.688         0.1113E-02     0.7117E-03
   -12    4.688             4.690         0.1364E-02     0.6375E-03              4.689         0.1140E-02     0.7523E-03
   -11    4.693             4.692         0.1365E-02     0.6382E-03              4.693         0.1145E-02     0.7607E-03
   -10    4.693             4.692         0.1370E-02     0.6507E-03              4.691         0.1152E-02     0.7710E-03
    -9    4.696             4.694         0.1376E-02     0.6633E-03              4.695         0.1159E-02     0.7812E-03
    -8    4.694             4.696         0.1382E-02     0.6739E-03              4.696         0.1165E-02     0.7898E-03
    -7    4.698             4.698         0.1385E-02     0.6813E-03              4.698         0.1169E-02     0.7956E-03
    -6    4.698             4.701         0.1387E-02     0.6850E-03              4.699         0.1171E-02     0.7983E-03
    -5    4.707             4.707         0.1387E-02     0.6859E-03              4.706         0.1171E-02     0.7987E-03
    -4    4.720             4.715         0.1388E-02     0.6860E-03              4.717         0.1171E-02     0.7990E-03
    -3    4.722             4.720         0.1389E-02     0.6886E-03              4.720         0.1174E-02     0.8027E-03
    -2    4.722             4.723         0.1394E-02     0.6983E-03              4.723         0.1182E-02     0.8147E-03
    -1    4.723             4.725         0.1405E-02     0.7201E-03              4.723         0.1200E-02     0.8410E-03
     0    4.729             4.729         0.1694E-02     0.1189E-02              4.730         0.1233E-02     0.8873E-03


 STANDARD ERROR OF                        0.1206E-02                                           0.8563E-03
 FINAL ESTIMATOR


 PERIOD                    SEASONAL

                  ESTIMATE          STANDARD ERROR
                                 TOTAL         OF  REVISION

   -24       -0.1250E-02     0.1067E-02     0.6360E-03
   -23       -0.1129E-03     0.1071E-02     0.6431E-03
   -22        0.1824E-02     0.1076E-02     0.6517E-03
   -21        0.1013E-02     0.1081E-02     0.6604E-03
   -20       -0.2598E-02     0.1086E-02     0.6676E-03
   -19       -0.1926E-03     0.1089E-02     0.6725E-03
   -18       -0.1600E-02     0.1090E-02     0.6747E-03
   -17        0.1297E-02     0.1090E-02     0.6751E-03
   -16        0.2576E-02     0.1091E-02     0.6753E-03
   -15        0.1634E-02     0.1093E-02     0.6785E-03
   -14       -0.1858E-02     0.1099E-02     0.6889E-03
   -13       -0.6355E-03     0.1113E-02     0.7117E-03
   -12       -0.1191E-02     0.1140E-02     0.7523E-03
   -11       -0.7353E-04     0.1145E-02     0.7607E-03
   -10        0.1792E-02     0.1152E-02     0.7710E-03
    -9        0.9810E-03     0.1159E-02     0.7812E-03
    -8       -0.2677E-02     0.1165E-02     0.7898E-03
    -7       -0.2839E-03     0.1169E-02     0.7956E-03
    -6       -0.1729E-02     0.1171E-02     0.7983E-03
    -5        0.1235E-02     0.1171E-02     0.7987E-03
    -4        0.2676E-02     0.1171E-02     0.7990E-03
    -3        0.1718E-02     0.1174E-02     0.8027E-03
    -2       -0.1813E-02     0.1182E-02     0.8147E-03
    -1       -0.6550E-03     0.1200E-02     0.8410E-03
     0       -0.1168E-02     0.1233E-02     0.8873E-03


 STANDARD ERROR OF                0.8563E-03
 FINAL ESTIMATOR


             FORECAST OF THE STOCHASTIC SERIES AND COMPONENTS (LOGS)
             -------------------------------------------------------

 PERIOD     SERIES                                   TREND-CYCLE                                     SA SERIES

          FORECAST        S.E.          FORECAST          STANDARD ERROR                    FORECAST          STANDARD ERROR
                                                        TOTAL         OF  REVISION                           TOTAL         OF  REVISION

     1    4.734       0.3247E-02      4.734         0.3082E-02     0.2836E-02              4.734         0.3359E-02     0.3248E-02
     2    4.740       0.5089E-02      4.738         0.4877E-02     0.4725E-02              4.738         0.5057E-02     0.4984E-02
     3    4.743       0.6817E-02      4.742         0.6565E-02     0.6453E-02              4.742         0.6700E-02     0.6645E-02
     4    4.743       0.8514E-02      4.746         0.8236E-02     0.8147E-02              4.746         0.8343E-02     0.8299E-02
     5    4.749       0.1020E-01      4.750         0.9912E-02     0.9838E-02              4.750         0.1000E-01     0.9965E-02
     6    4.752       0.1189E-01      4.754         0.1160E-01     0.1154E-01              4.754         0.1168E-01     0.1164E-01
     7    4.759       0.1357E-01      4.758         0.1330E-01     0.1324E-01              4.758         0.1337E-01     0.1334E-01
     8    4.764       0.1524E-01      4.762         0.1501E-01     0.1496E-01              4.762         0.1507E-01     0.1505E-01
     9    4.767       0.1690E-01      4.766         0.1673E-01     0.1669E-01              4.766         0.1678E-01     0.1676E-01
    10    4.768       0.1855E-01      4.769         0.1846E-01     0.1842E-01              4.769         0.1851E-01     0.1849E-01
    11    4.773       0.2019E-01      4.773         0.2019E-01     0.2015E-01              4.773         0.2023E-01     0.2022E-01
    12    4.776       0.2181E-01      4.777         0.2192E-01     0.2189E-01              4.777         0.2196E-01     0.2195E-01
    13    4.781       0.2360E-01      4.781         0.2366E-01     0.2363E-01              4.781         0.2370E-01     0.2368E-01
    14    4.787       0.2539E-01      4.785         0.2539E-01     0.2537E-01              4.785         0.2543E-01     0.2541E-01
    15    4.790       0.2718E-01      4.789         0.2713E-01     0.2710E-01              4.789         0.2716E-01     0.2715E-01
    16    4.790       0.2895E-01      4.793         0.2886E-01     0.2883E-01              4.793         0.2889E-01     0.2888E-01
    17    4.796       0.3071E-01      4.797         0.3059E-01     0.3056E-01              4.797         0.3062E-01     0.3060E-01
    18    4.799       0.3245E-01      4.801         0.3231E-01     0.3229E-01              4.801         0.3234E-01     0.3233E-01
    19    4.806       0.3417E-01      4.805         0.3403E-01     0.3401E-01              4.805         0.3406E-01     0.3405E-01
    20    4.811       0.3588E-01      4.808         0.3575E-01     0.3573E-01              4.808         0.3577E-01     0.3576E-01
    21    4.814       0.3756E-01      4.812         0.3746E-01     0.3744E-01              4.812         0.3748E-01     0.3747E-01
    22    4.814       0.3922E-01      4.816         0.3917E-01     0.3915E-01              4.816         0.3919E-01     0.3918E-01
    23    4.819       0.4086E-01      4.820         0.4087E-01     0.4085E-01              4.820         0.4089E-01     0.4088E-01
    24    4.823       0.4247E-01      4.824         0.4256E-01     0.4254E-01              4.824         0.4258E-01     0.4257E-01
    25    4.828       0.4420E-01      4.828         0.4425E-01     0.4424E-01              4.828         0.4427E-01     0.4426E-01
    26    4.833       0.4420E-01      4.832         0.4594E-01     0.4592E-01              4.832         0.4596E-01     0.4595E-01
    27    4.837       0.4420E-01      4.836         0.4762E-01     0.4760E-01              4.836         0.4764E-01     0.4763E-01
    28    4.837       0.4420E-01      4.839         0.4929E-01     0.4928E-01              4.839         0.4931E-01     0.4930E-01
    29    4.843       0.4420E-01      4.843         0.5096E-01     0.5095E-01              4.843         0.5098E-01     0.5097E-01
    30    4.845       0.4420E-01      4.847         0.5263E-01     0.5261E-01              4.847         0.5264E-01     0.5264E-01
    31    4.852       0.4420E-01      4.851         0.5429E-01     0.5428E-01              4.851         0.5431E-01     0.5430E-01
    32    4.858       0.4420E-01      4.855         0.5595E-01     0.5593E-01              4.855         0.5596E-01     0.5596E-01
    33    4.860       0.4420E-01      4.859         0.5760E-01     0.5759E-01              4.859         0.5761E-01     0.5761E-01
    34    4.861       0.4420E-01      4.863         0.5925E-01     0.5924E-01              4.863         0.5926E-01     0.5926E-01
    35    4.866       0.4420E-01      4.866         0.6089E-01     0.6088E-01              4.866         0.6091E-01     0.6090E-01
    36    4.869       0.4420E-01      4.870         0.6254E-01     0.6252E-01              4.870         0.6255E-01     0.6254E-01


 
 PERIOD                     SEASONAL

                  FORECAST          STANDARD ERROR
                                 TOTAL         OF  REVISION

     1       -0.4319E-04     0.1239E-02     0.8957E-03
     2        0.1794E-02     0.1247E-02     0.9064E-03
     3        0.9867E-03     0.1255E-02     0.9172E-03
     4       -0.2681E-02     0.1261E-02     0.9262E-03
     5       -0.2978E-03     0.1266E-02     0.9323E-03
     6       -0.1758E-02     0.1268E-02     0.9353E-03
     7        0.1216E-02     0.1268E-02     0.9358E-03
     8        0.2698E-02     0.1269E-02     0.9360E-03
     9        0.1727E-02     0.1271E-02     0.9391E-03
    10       -0.1804E-02     0.1279E-02     0.9498E-03
    11       -0.6712E-03     0.1297E-02     0.9738E-03
    12       -0.1166E-02     0.1330E-02     0.1017E-02
    13       -0.4318E-04     0.1335E-02     0.1025E-02
    14        0.1794E-02     0.1343E-02     0.1034E-02
    15        0.9867E-03     0.1350E-02     0.1043E-02
    16       -0.2681E-02     0.1356E-02     0.1051E-02
    17       -0.2978E-03     0.1360E-02     0.1057E-02
    18       -0.1758E-02     0.1362E-02     0.1059E-02
    19        0.1216E-02     0.1363E-02     0.1060E-02
    20        0.2698E-02     0.1363E-02     0.1060E-02
    21        0.1727E-02     0.1365E-02     0.1063E-02
    22       -0.1804E-02     0.1372E-02     0.1072E-02
    23       -0.6712E-03     0.1389E-02     0.1094E-02
    24       -0.1166E-02     0.1420E-02     0.1132E-02
    25       -0.4317E-04     0.1425E-02     0.1139E-02
    26        0.1794E-02     0.1432E-02     0.1148E-02
    27        0.9867E-03     0.1439E-02     0.1156E-02
    28       -0.2681E-02     0.1444E-02     0.1163E-02
    29       -0.2978E-03     0.1448E-02     0.1168E-02
    30       -0.1758E-02     0.1450E-02     0.1170E-02
    31        0.1216E-02     0.1451E-02     0.1171E-02
    32        0.2698E-02     0.1451E-02     0.1171E-02
    33        0.1727E-02     0.1453E-02     0.1174E-02
    34       -0.1804E-02     0.1460E-02     0.1182E-02
    35       -0.6712E-03     0.1475E-02     0.1201E-02
    36       -0.1166E-02     0.1504E-02     0.1237E-02


  SIGNIFICANCE OF SEASONALITY
  ---------------------------

    Significance of seasonality is assessed using the variances of the
    total estimation error, which includes the error in the preliminary estimator
    (the revision error) and the error in the final estimator.
    Because the S.E. of the seasonal component estimator varies (it reaches a minimum
    for historical estimation and a maximum for the most distant forecast), the significance of seasonality
    will be different for different periods.
    An extreme example would be a series showing significant seasonality for historical estimates,
    that is poorly captured concurrently, and useless for forecasting.


        SEASONAL                      NUMBER OF PERIODS IN A YEAR THAT
        COMPONENT                     HAVE SIGNIFICANT SEASONALITY
                                            90%          95%

    HISTORICAL ESTIMATOR                     6            4

    PRELIMINARY ESTIMATOR                    2            2
    FOR LAST YEAR

    FORECAST FOR NEXT YEAR                   2            2


    For the present series :
    ------------------------

      FINAL OR HISTORICAL ESTIMATION SHOWS CLEARLY SIGNIFICANT SEASONALITY IN THE SERIES.

      CONCURRENT AND PRELIMINARY ESTIMATION SHOW BORDERLINE SIGNIFICANT SEASONALITY FOR RECENT PERIODS (LAST YEAR).

      ONE-YEAR AHEAD FORECAST FUNCTION CONTAINS BORDERLINE SIGNIFICANT SEASONALITY.




 CONFIDENCE INTERVAL AROUND A SEASONAL FACTOR OF 100
 ---------------------------------------------------

                            FINAL ESTIMATOR                        CONCURRENT ESTIMATOR
    95%
 CONFIDENCE              99.86      100.1                          99.80      100.2    
 INTERVAL

    70%
 CONFIDENCE              99.91      100.1                          99.87      100.1    
 INTERVAL



 SAMPLE MEANS
 ------------

               COMPLETE PERIOD    LAST THREE YEARS
 SERIES          4.349            4.670    
 TREND-CYCLE     4.349            4.670    
 SA SERIES       4.349            4.670    
 SEASONAL      -0.1059E-04       0.8813E-05
      BIAS PARAMETER = 1


  SERIES OF LEVELS (INCLUDING FORECASTS) HAVE
  BEEN CORRECTED FOR BIAS IN OVERALL LEVEL.




   ANNUAL AVERAGES
   ---------------
   (including forecasting period)

    YEAR           SERIES              SA SERIES            TREND-CYCLE

    2010            58.41                58.41                 58.41    
    2011            60.36                60.36                 60.36    
    2012            62.17                62.17                 62.18    
    2013            63.29                63.29                 63.29    
    2014            66.27                66.27                 66.27    
    2015            69.16                69.16                 69.16    
    2016            71.78                71.78                 71.78    
    2017            73.34                73.34                 73.34    
    2018            75.13                75.13                 75.12    
    2019            77.05                77.05                 77.06    
    2020            79.40                79.40                 79.40    
    2021            82.99                82.99                 82.99    
    2022            92.65                92.65                 92.65    
    2023            99.67                99.68                 99.68    
    2024            103.9                103.9                 103.9    
    2025            108.3                108.3                 108.3    
    2026            112.5                112.5                 112.5    
    2027            118.1                118.1                 118.1    
    2028            123.7                123.7                 123.7    
    2029            129.6                129.6                 129.6    

  FULL PERIOD       86.39                86.39                 86.39    

    AVERAGE VALUE OF ABSOLUTE
    DIFFERENCES IN ANNUAL AVERAGES :
    (in % of average level)


    ADJUSTED SERIES :      0.852E-03

        TREND-CYCLE :      0.382E-02



 PART 4 : ESTIMATES OF THE COMPONENTS (LEVELS)
 ---------------------------------------------




 ARIMA SERIES
 (Corrected by regARIMA)
 "Original Series" FOR SEATS

 YEAR        JAN       FEB       MAR       APR       MAY       JUN       JUL       AUG       SEP       OCT       NOV       DEC 

 2009                                                                                                                    57.310
 2010      57.610    57.770    57.820    58.090    58.300    58.300    58.670    58.620    58.850    58.910    58.950    59.020
 2011      59.180    59.310    59.770    59.960    60.200    60.300    60.380    60.470    60.780    61.070    61.260    61.640
 2012      61.690    61.930    62.030    62.060    62.080    61.900    61.890    62.030    62.500    62.850    62.570    62.550
 2013      62.670    62.740    62.980    62.680    62.670    63.070    63.240    63.390    63.730    63.820    64.060    64.440
 2014      64.560    64.870    65.410    65.820    66.040    66.080    66.230    66.440    67.000    67.700    67.710    67.430
 2015      67.490    67.720    68.150    68.540    68.660    69.000    69.290    69.760    70.110    70.400    70.380    70.390
 2016      70.720    70.910    71.180    71.420    71.580    71.900    72.070    72.110    72.280    72.400    72.440    72.290
 2017      72.680    72.860    73.140    73.310    73.400    73.120    73.290    73.440    73.330    73.760    73.830    73.930
 2018      74.270    74.310    74.460    74.700    74.900    74.980    75.250    75.380    75.630    75.910    75.910    75.830
 2019      75.910    75.950    76.310    76.510    76.970    77.010    77.180    77.320    77.330    77.960    78.030    78.100
 2020      78.550    78.900    79.160    79.130    79.090    79.030    79.110    79.220    79.720    80.270    80.160    80.430
 2021      80.990    81.140    81.450    81.750    81.970    82.040    82.700    83.000    83.980    85.100    85.530    86.200
 2022      87.230    87.480    89.110    90.350    91.430    92.290    93.560    94.690    95.510    96.000    96.940    97.210
 2023      98.000    97.930    99.000    99.300    99.410    99.260    99.610    99.720   100.390   100.840   101.590   101.040
 2024     101.720   102.320   102.700   103.240   103.520   103.420   104.190   104.450   104.540   105.560   105.830   105.620
 2025     106.740   107.160   107.700   107.910   108.120   107.680   108.620   108.660   109.140   109.190   109.470   109.260
 2026     109.710   109.700   110.750   112.180   112.370   112.350   112.450   113.150


    STOCHASTIC COMPONENT
    --------------------

    THE SE ARE THOSE OF THE TOTAL ESTIMATION ERROR =
    REVISION ERROR AND FINAL ESTIMATION ERROR.

 SEASONAL FACTORS (X 100)

 YEAR        JAN       FEB       MAR       APR       MAY       JUN       JUL       AUG       SEP       OCT       NOV       DEC 

 2009                                                                                                                    99.876
 2010      99.951    99.919   100.101   100.113   100.070    99.885    99.925    99.849   100.050   100.221   100.040    99.877
 2011      99.949    99.917   100.105   100.113   100.066    99.883    99.916    99.846   100.049   100.228   100.046    99.880
 2012      99.951    99.917   100.111   100.114   100.060    99.879    99.909    99.848   100.050   100.237   100.053    99.874
 2013      99.947    99.910   100.111   100.115   100.056    99.880    99.911    99.856   100.049   100.241   100.058    99.861
 2014      99.941    99.898   100.106   100.124   100.063    99.882    99.916    99.867   100.047   100.248   100.066    99.846
 2015      99.939    99.887   100.099   100.128   100.067    99.881    99.923    99.877   100.041   100.244   100.066    99.833
 2016      99.946    99.885   100.099   100.135   100.077    99.878    99.928    99.881   100.026   100.234   100.065    99.822
 2017      99.957    99.885   100.103   100.145   100.089    99.871    99.929    99.880   100.012   100.227   100.067    99.817
 2018      99.968    99.882   100.105   100.152   100.098    99.863    99.929    99.878   100.004   100.225   100.072    99.812
 2019      99.977    99.879   100.110   100.162   100.104    99.851    99.925    99.869    99.996   100.221   100.077    99.807
 2020      99.990    99.878   100.121   100.177   100.110    99.837    99.921    99.862    99.993   100.217   100.082    99.798
 2021      99.997    99.867   100.125   100.193   100.118    99.827    99.923    99.864    99.994   100.208   100.090    99.785
 2022      99.995    99.849   100.124   100.207   100.128    99.821    99.930    99.872    99.997   100.200   100.101    99.772
 2023      99.993    99.845   100.128   100.224   100.138    99.813    99.929    99.871    99.990   100.189   100.104    99.754
 2024      99.987    99.845   100.131   100.242   100.151    99.812    99.934    99.875    99.988   100.182   100.101    99.740
 2025      99.980    99.840   100.129   100.258   100.163    99.814    99.936    99.881    99.992   100.179   100.098    99.732
 2026      99.971    99.827   100.123   100.268   100.172    99.818    99.934    99.883

 STANDARD ERROR OF SEASONAL FACTORS (X 100)


 YEAR        JAN       FEB       MAR       APR       MAY       JUN       JUL       AUG       SEP       OCT       NOV       DEC 

 2009                                                                                                                     0.120
 2010       0.118     0.117     0.117     0.117     0.117     0.117     0.116     0.116     0.115     0.115     0.114     0.111
 2011       0.110     0.109     0.109     0.109     0.109     0.109     0.108     0.108     0.108     0.107     0.107     0.105
 2012       0.104     0.103     0.103     0.103     0.103     0.103     0.102     0.102     0.102     0.102     0.101     0.099
 2013       0.099     0.098     0.098     0.098     0.098     0.098     0.098     0.098     0.098     0.097     0.097     0.096
 2014       0.095     0.095     0.095     0.095     0.095     0.095     0.095     0.094     0.094     0.094     0.094     0.093
 2015       0.093     0.092     0.092     0.092     0.092     0.092     0.092     0.092     0.092     0.092     0.092     0.091
 2016       0.091     0.090     0.091     0.091     0.091     0.090     0.090     0.090     0.090     0.090     0.090     0.089
 2017       0.089     0.089     0.089     0.089     0.089     0.089     0.089     0.089     0.089     0.089     0.089     0.088
 2018       0.088     0.088     0.088     0.088     0.088     0.088     0.088     0.088     0.089     0.089     0.089     0.089
 2019       0.089     0.089     0.089     0.089     0.089     0.089     0.089     0.089     0.090     0.090     0.090     0.090
 2020       0.090     0.090     0.091     0.091     0.091     0.090     0.091     0.091     0.092     0.092     0.092     0.092
 2021       0.092     0.092     0.092     0.092     0.092     0.092     0.093     0.093     0.094     0.094     0.094     0.094
 2022       0.095     0.095     0.095     0.095     0.095     0.095     0.095     0.096     0.097     0.097     0.098     0.098
 2023       0.098     0.098     0.098     0.099     0.098     0.098     0.099     0.099     0.101     0.102     0.102     0.102
 2024       0.103     0.103     0.103     0.103     0.103     0.103     0.103     0.105     0.107     0.107     0.108     0.108
 2025       0.109     0.109     0.109     0.109     0.109     0.109     0.110     0.111     0.114     0.115     0.115     0.116
 2026       0.116     0.117     0.117     0.117     0.117     0.117     0.118     0.120

TRANSITORY FACTORS (X 100)

 YEAR        JAN       FEB       MAR       APR       MAY       JUN       JUL       AUG       SEP       OCT       NOV       DEC 

 2009                                                                                                                   100.000
 2010     100.000   100.000   100.000   100.000   100.000   100.000   100.000   100.000   100.000   100.000   100.000   100.000
 2011     100.000   100.000   100.000   100.000   100.000   100.000   100.000   100.000   100.000   100.000   100.000   100.000
 2012     100.000   100.000   100.000   100.000   100.000   100.000   100.000   100.000   100.000   100.000   100.000   100.000
 2013     100.000   100.000   100.000   100.000   100.000   100.000   100.000   100.000   100.000   100.000   100.000   100.000
 2014     100.000   100.000   100.000   100.000   100.000   100.000   100.000   100.000   100.000   100.000   100.000   100.000
 2015     100.000   100.000   100.000   100.000   100.000   100.000   100.000   100.000   100.000   100.000   100.000   100.000
 2016     100.000   100.000   100.000   100.000   100.000   100.000   100.000   100.000   100.000   100.000   100.000   100.000
 2017     100.000   100.000   100.000   100.000   100.000   100.000   100.000   100.000   100.000   100.000   100.000   100.000
 2018     100.000   100.000   100.000   100.000   100.000   100.000   100.000   100.000   100.000   100.000   100.000   100.000
 2019     100.000   100.000   100.000   100.000   100.000   100.000   100.000   100.000   100.000   100.000   100.000   100.000
 2020     100.000   100.000   100.000   100.000   100.000   100.000   100.000   100.000   100.000   100.000   100.000   100.000
 2021     100.000   100.000   100.000   100.000   100.000   100.000   100.000   100.000   100.000   100.000   100.000   100.000
 2022     100.000   100.000   100.000   100.000   100.000   100.000   100.000   100.000   100.000   100.000   100.000   100.000
 2023     100.000   100.000   100.000   100.000   100.000   100.000   100.000   100.000   100.000   100.000   100.000   100.000
 2024     100.000   100.000   100.000   100.000   100.000   100.000   100.000   100.000   100.000   100.000   100.000   100.000
 2025     100.000   100.000   100.000   100.000   100.000   100.000   100.000   100.000   100.000   100.000   100.000   100.000
 2026     100.000   100.000   100.000   100.000   100.000   100.000   100.000   100.000

 TREND-CYCLE

 YEAR        JAN       FEB       MAR       APR       MAY       JUN       JUL       AUG       SEP       OCT       NOV       DEC 

 2009                                                                                                                    57.403
 2010      57.620    57.759    57.840    58.017    58.228    58.429    58.629    58.741    58.783    58.825    58.929    59.078
 2011      59.215    59.406    59.665    59.913    60.147    60.335    60.449    60.575    60.747    60.960    61.279    61.600
 2012      61.790    61.917    61.978    61.999    62.014    61.983    61.994    62.164    62.443    62.606    62.603    62.625
 2013      62.708    62.802    62.804    62.683    62.747    63.051    63.302    63.487    63.632    63.757    64.055    64.418
 2014      64.663    64.950    65.339    65.707    65.977    66.151    66.313    66.576    67.001    67.432    67.605    67.566
 2015      67.594    67.797    68.100    68.398    68.688    69.030    69.405    69.784    70.065    70.222    70.352    70.527
 2016      70.755    70.964    71.134    71.320    71.592    71.910    72.113    72.198    72.239    72.279    72.357    72.484
 2017      72.696    72.918    73.072    73.205    73.274    73.276    73.356    73.428    73.436    73.567    73.802    74.051
 2018      74.264    74.368    74.435    74.593    74.830    75.075    75.293    75.471    75.619    75.742    75.857    75.931
 2019      75.964    76.055    76.215    76.469    76.823    77.097    77.257    77.352    77.466    77.717    77.994    78.258
 2020      78.594    78.910    79.034    79.013    79.037    79.119    79.202    79.382    79.715    80.000    80.214    80.564
 2021      80.955    81.207    81.379    81.593    81.868    82.236    82.690    83.227    83.987    84.811    85.544    86.355
 2022      87.107    87.850    88.931    90.155    91.312    92.468    93.641    94.708    95.429    96.006    96.745    97.445
 2023      97.896    98.272    98.738    99.086    99.273    99.463    99.662    99.941   100.322   100.796   101.229   101.447
 2024     101.806   102.315   102.651   102.977   103.332   103.712   104.179   104.493   104.760   105.251   105.677   106.068
 2025     106.691   107.256   107.530   107.697   107.851   108.098   108.514   108.858   109.022   109.122   109.313   109.545
 2026     109.720   110.020   110.741   111.640   112.204   112.454   112.718   113.204

 STANDARD ERROR OF TREND-CYCLE


 YEAR        JAN       FEB       MAR       APR       MAY       JUN       JUL       AUG       SEP       OCT       NOV       DEC 

 2009                                                                                                                     0.081
 2010       0.080     0.080     0.080     0.080     0.081     0.081     0.081     0.081     0.081     0.080     0.080     0.080
 2011       0.080     0.080     0.080     0.080     0.080     0.081     0.081     0.081     0.081     0.081     0.081     0.081
 2012       0.081     0.081     0.081     0.081     0.081     0.081     0.080     0.081     0.081     0.081     0.081     0.080
 2013       0.080     0.080     0.080     0.080     0.080     0.080     0.081     0.081     0.081     0.081     0.081     0.081
 2014       0.081     0.082     0.082     0.082     0.083     0.083     0.083     0.083     0.084     0.084     0.084     0.084
 2015       0.084     0.084     0.085     0.085     0.085     0.086     0.086     0.087     0.087     0.087     0.087     0.087
 2016       0.087     0.087     0.088     0.088     0.088     0.089     0.089     0.089     0.089     0.089     0.089     0.089
 2017       0.089     0.089     0.089     0.090     0.090     0.090     0.090     0.090     0.090     0.090     0.090     0.090
 2018       0.091     0.091     0.091     0.091     0.091     0.092     0.092     0.092     0.092     0.093     0.093     0.093
 2019       0.093     0.093     0.093     0.094     0.094     0.094     0.095     0.095     0.095     0.095     0.096     0.096
 2020       0.097     0.097     0.097     0.097     0.097     0.097     0.098     0.098     0.099     0.099     0.099     0.100
 2021       0.100     0.101     0.101     0.101     0.102     0.102     0.103     0.104     0.105     0.106     0.107     0.108
 2022       0.109     0.110     0.112     0.113     0.115     0.116     0.118     0.120     0.121     0.122     0.123     0.124
 2023       0.125     0.125     0.126     0.126     0.127     0.127     0.127     0.128     0.129     0.130     0.131     0.131
 2024       0.132     0.133     0.134     0.134     0.134     0.135     0.136     0.137     0.138     0.139     0.140     0.141
 2025       0.142     0.143     0.144     0.144     0.144     0.145     0.146     0.148     0.149     0.149     0.150     0.151
 2026       0.152     0.152     0.154     0.155     0.156     0.156     0.157     0.159

 SEASONALLY ADJUSTED SERIES

 YEAR        JAN       FEB       MAR       APR       MAY       JUN       JUL       AUG       SEP       OCT       NOV       DEC 

 2009                                                                                                                    57.381
 2010      57.638    57.817    57.762    58.025    58.260    58.367    58.714    58.709    58.821    58.780    58.926    59.093
 2011      59.210    59.359    59.707    59.892    60.160    60.371    60.430    60.563    60.750    60.931    61.232    61.714
 2012      61.720    61.981    61.961    61.989    62.043    61.975    61.946    62.124    62.469    62.701    62.537    62.629
 2013      62.703    62.796    62.910    62.608    62.635    63.146    63.296    63.481    63.699    63.666    64.023    64.530
 2014      64.598    64.936    65.340    65.739    65.999    66.158    66.286    66.529    66.968    67.533    67.665    67.534
 2015      67.531    67.797    68.083    68.453    68.614    69.082    69.344    69.846    70.082    70.229    70.333    70.508
 2016      70.758    70.991    71.110    71.323    71.525    71.988    72.122    72.196    72.261    72.231    72.393    72.419
 2017      72.711    72.944    73.065    73.204    73.334    73.214    73.342    73.528    73.321    73.593    73.781    74.065
 2018      74.294    74.398    74.382    74.586    74.827    75.083    75.303    75.472    75.627    75.739    75.855    75.973
 2019      75.927    76.042    76.226    76.386    76.890    77.125    77.238    77.421    77.333    77.788    77.970    78.251
 2020      78.558    78.996    79.064    78.990    79.003    79.159    79.173    79.329    79.726    80.096    80.094    80.593
 2021      80.992    81.248    81.349    81.593    81.874    82.182    82.763    83.113    83.985    84.923    85.453    86.386
 2022      87.235    87.612    89.000    90.163    91.313    92.455    93.625    94.811    95.513    95.809    96.842    97.432
 2023      98.006    98.082    98.873    99.078    99.273    99.446    99.680    99.849   100.400   100.650   101.485   101.289
 2024     101.733   102.479   102.566   102.991   103.364   103.615   104.259   104.581   104.552   105.368   105.723   105.895
 2025     106.761   107.332   107.561   107.633   107.944   107.881   108.689   108.790   109.148   108.995   109.363   109.553
 2026     109.742   109.890   110.614   111.881   112.177   112.554   112.524   113.283

 STANDARD ERROR OF SEASONALLY ADJUSTED SERIES


 YEAR        JAN       FEB       MAR       APR       MAY       JUN       JUL       AUG       SEP       OCT       NOV       DEC 

 2009                                                                                                                     0.069
 2010       0.068     0.068     0.068     0.068     0.068     0.068     0.068     0.068     0.068     0.067     0.067     0.066
 2011       0.065     0.065     0.065     0.065     0.066     0.066     0.066     0.065     0.065     0.065     0.065     0.065
 2012       0.064     0.064     0.064     0.064     0.064     0.064     0.064     0.064     0.064     0.064     0.063     0.062
 2013       0.062     0.062     0.062     0.062     0.062     0.062     0.062     0.062     0.062     0.062     0.062     0.062
 2014       0.062     0.062     0.062     0.062     0.063     0.063     0.063     0.063     0.063     0.064     0.064     0.063
 2015       0.063     0.063     0.063     0.063     0.063     0.064     0.064     0.064     0.064     0.064     0.064     0.064
 2016       0.064     0.064     0.064     0.065     0.065     0.065     0.065     0.065     0.065     0.065     0.065     0.065
 2017       0.065     0.065     0.065     0.065     0.065     0.065     0.065     0.065     0.065     0.065     0.065     0.065
 2018       0.066     0.066     0.066     0.066     0.066     0.066     0.066     0.067     0.067     0.067     0.067     0.068
 2019       0.068     0.068     0.068     0.068     0.069     0.069     0.069     0.069     0.070     0.070     0.070     0.071
 2020       0.071     0.071     0.072     0.071     0.071     0.072     0.072     0.072     0.073     0.073     0.074     0.074
 2021       0.075     0.075     0.075     0.075     0.076     0.076     0.077     0.077     0.079     0.080     0.081     0.082
 2022       0.083     0.083     0.084     0.086     0.087     0.088     0.089     0.091     0.093     0.093     0.094     0.095
 2023       0.096     0.096     0.097     0.097     0.098     0.098     0.098     0.099     0.102     0.102     0.103     0.104
 2024       0.104     0.105     0.106     0.106     0.106     0.107     0.108     0.109     0.112     0.113     0.114     0.115
 2025       0.116     0.117     0.117     0.117     0.118     0.118     0.119     0.121     0.124     0.125     0.126     0.127
 2026       0.128     0.128     0.129     0.131     0.131     0.132     0.133     0.136

 IRREGULAR FACTORS (X 100)

 YEAR        JAN       FEB       MAR       APR       MAY       JUN       JUL       AUG       SEP       OCT       NOV       DEC 

 2009                                                                                                                    99.962
 2010     100.031   100.099    99.864   100.013   100.053    99.895   100.145    99.946   100.065    99.924    99.996   100.025
 2011      99.992    99.922   100.070    99.965   100.022   100.060    99.970    99.980   100.006    99.953    99.923   100.185
 2012      99.887   100.104    99.973    99.985   100.048    99.987    99.923    99.937   100.042   100.153    99.895   100.007
 2013      99.992    99.991   100.169    99.880    99.821   100.151    99.990    99.991   100.104    99.857    99.949   100.174
 2014      99.899    99.978   100.002   100.048   100.033   100.011    99.959    99.929    99.950   100.150   100.089    99.952
 2015      99.908   100.000    99.975   100.080    99.891   100.076    99.911   100.089   100.024   100.010    99.973    99.973
 2016     100.005   100.039    99.966   100.005    99.907   100.108   100.013    99.997   100.030    99.934   100.049    99.911
 2017     100.021   100.035    99.990    99.998   100.083    99.916    99.981   100.136    99.843   100.035    99.970   100.019
 2018     100.040   100.040    99.929    99.991    99.996   100.011   100.014   100.002   100.011    99.996    99.998   100.054
 2019      99.951    99.984   100.014    99.893   100.087   100.037    99.975   100.089    99.829   100.091    99.969    99.991
 2020      99.954   100.109   100.038    99.971    99.958   100.050    99.963    99.933   100.014   100.121    99.850   100.035
 2021     100.046   100.050    99.963   100.000   100.006    99.935   100.088    99.863    99.997   100.132    99.894   100.036
 2022     100.147    99.729   100.077   100.009   100.002    99.986    99.983   100.109   100.088    99.795   100.101    99.987
 2023     100.113    99.807   100.138    99.992   100.000    99.983   100.018    99.908   100.078    99.856   100.253    99.844
 2024      99.928   100.160    99.917   100.013   100.030    99.907   100.076   100.084    99.802   100.111   100.044    99.837
 2025     100.065   100.071   100.029    99.941   100.086    99.799   100.161    99.937   100.116    99.883   100.046   100.007
 2026     100.020    99.882    99.886   100.215    99.977   100.089    99.828   100.069



   FORECAST OF STOCHASTIC SERIES AND COMPONENTS (LEVELS)
   -----------------------------------------------------

 PERIOD          SERIES                         TREND-CYCLE                    ADJUSTED

            FORECAST        S.E.         FORECAST          S.E.         FORECAST         S.E.

     1       113.7       0.3693           113.7         0.3505           113.7        0.3820    
     2       114.4       0.5822           114.2         0.5569           114.2        0.5774    
     3       114.8       0.7823           114.6         0.7527           114.6        0.7681    
     4       114.8       0.9774           115.1         0.9480           115.1        0.9604    
     5       115.5        1.179           115.6          1.145           115.6         1.156    
     6       115.8        1.377           116.0          1.346           116.0         1.355    
     7       116.6        1.582           116.5          1.549           116.5         1.557    
     8       117.3        1.787           116.9          1.755           116.9         1.762    
     9       117.6        1.988           117.4          1.964           117.4         1.971    
    10       117.6        2.183           117.9          2.176           117.9         2.181    
    11       118.2        2.388           118.3          2.389           118.3         2.394    
    12       118.6        2.589           118.8          2.605           118.8         2.610    
    13       119.2        2.815           119.2          2.822           119.2         2.826    
    14       119.9        3.046           119.7          3.041           119.7         3.045    
    15       120.3        3.271           120.2          3.261           120.2         3.265    
    16       120.3        3.485           120.6          3.483           120.6         3.487    
    17       121.1        3.720           121.1          3.706           121.1         3.710    
    18       121.4        3.941           121.6          3.931           121.6         3.934    
    19       122.2        4.179           122.1          4.156           122.1         4.160    
    20       122.9        4.411           122.5          4.383           122.5         4.386    
    21       123.2        4.631           123.0          4.611           123.0         4.614    
    22       123.3        4.838           123.5          4.840           123.5         4.843    
    23       123.9        5.066           124.0          5.070           124.0         5.073    
    24       124.3        5.284           124.5          5.301           124.5         5.304    
    25       124.9        5.527           124.9          5.533           124.9         5.536    
    26       125.6        5.558           125.4          5.767           125.4         5.769    
    27       126.0        5.576           125.9          6.001           125.9         6.004    
    28       126.1        5.577           126.4          6.237           126.4         6.239    
    29       126.8        5.612           126.9          6.474           126.9         6.476    
    30       127.2        5.625           127.4          6.712           127.4         6.714    
    31       128.0        5.664           127.9          6.951           127.9         6.953    
    32       128.7        5.694           128.4          7.192           128.4         7.194    
    33       129.1        5.710           128.9          7.433           128.9         7.435    
    34       129.1        5.712           129.4          7.676           129.4         7.678    
    35       129.8        5.741           129.9          7.921           129.9         7.923    
    36       130.2        5.760           130.4          8.167           130.4         8.168    


 
 PERIOD              SEASONAL FACTORS

                  FORECAST          S.E.

     1             100.0         0.1239    
     2             100.2         0.1249    
     3             100.1         0.1256    
     4             99.73         0.1258    
     5             99.97         0.1266    
     6             99.82         0.1266    
     7             100.1         0.1270    
     8             100.3         0.1272    
     9             100.2         0.1273    
    10             99.82         0.1277    
    11             99.93         0.1296    
    12             99.88         0.1328    
    13             100.0         0.1335    
    14             100.2         0.1345    
    15             100.1         0.1351    
    16             99.73         0.1352    
    17             99.97         0.1360    
    18             99.82         0.1360    
    19             100.1         0.1364    
    20             100.3         0.1366    
    21             100.2         0.1367    
    22             99.82         0.1370    
    23             99.93         0.1388    
    24             99.88         0.1418    
    25             100.0         0.1425    
    26             100.2         0.1434    
    27             100.1         0.1440    
    28             99.73         0.1441    
    29             99.97         0.1448    
    30             99.82         0.1448    
    31             100.1         0.1452    
    32             100.3         0.1455    
    33             100.2         0.1455    
    34             99.82         0.1457    
    35             99.93         0.1474    
    36             99.88         0.1503    


    DETERMINISTIC COMPONENT (from regARIMA)
    ------------------------------------


  FINAL DECOMPOSITION
  -------------------


  FINAL COMPONENT
  ---------------


  FINAL SEASONALLY ADJUSTED SERIES


 YEAR        JAN       FEB       MAR       APR       MAY       JUN       JUL       AUG       SEP       OCT       NOV       DEC 

 2009                                                                                                                    57.381
 2010      57.638    57.817    57.762    58.025    58.260    58.367    58.714    58.709    58.821    58.780    58.926    59.093
 2011      59.210    59.359    59.707    59.892    60.160    60.371    60.430    60.563    60.750    60.931    61.232    61.714
 2012      61.720    61.981    61.961    61.989    62.043    61.975    61.946    62.124    62.469    62.701    62.537    62.629
 2013      62.703    62.796    62.910    62.608    62.635    63.146    63.296    63.481    63.699    63.666    64.023    64.530
 2014      64.598    64.936    65.340    65.739    65.999    66.158    66.286    66.529    66.968    67.533    67.665    67.534
 2015      67.531    67.797    68.083    68.453    68.614    69.082    69.344    69.846    70.082    70.229    70.333    70.508
 2016      70.758    70.991    71.110    71.323    71.525    71.988    72.122    72.196    72.261    72.231    72.393    72.419
 2017      72.711    72.944    73.065    73.204    73.334    73.214    73.342    73.528    73.321    73.593    73.781    74.065
 2018      74.294    74.398    74.382    74.586    74.827    75.083    75.303    75.472    75.627    75.739    75.855    75.973
 2019      75.927    76.042    76.226    76.386    76.890    77.125    77.238    77.421    77.333    77.788    77.970    78.251
 2020      78.558    78.996    79.064    78.990    79.003    79.159    79.173    79.329    79.726    80.096    80.094    80.593
 2021      80.992    81.248    81.349    81.593    81.874    82.182    82.763    83.113    83.985    84.923    85.453    86.386
 2022      87.235    87.612    89.000    90.163    91.313    92.455    93.625    94.811    95.513    95.809    96.842    97.432
 2023      98.006    98.082    98.873    99.078    99.273    99.446    99.680    99.849   100.400   100.650   101.485   101.289
 2024     101.733   102.479   102.566   102.991   103.364   103.615   104.259   104.581   104.552   105.368   105.723   105.895
 2025     106.761   107.332   107.561   107.633   107.944   107.881   108.689   108.790   109.148   108.995   109.363   109.553
 2026     109.742   109.890   110.614   111.881   112.177   112.554   112.524   113.283


  FINAL TREND-CYCLE


 YEAR        JAN       FEB       MAR       APR       MAY       JUN       JUL       AUG       SEP       OCT       NOV       DEC 

 2009                                                                                                                    57.403
 2010      57.620    57.759    57.840    58.017    58.228    58.429    58.629    58.741    58.783    58.825    58.929    59.078
 2011      59.215    59.406    59.665    59.913    60.147    60.335    60.449    60.575    60.747    60.960    61.279    61.600
 2012      61.790    61.917    61.978    61.999    62.014    61.983    61.994    62.164    62.443    62.606    62.603    62.625
 2013      62.708    62.802    62.804    62.683    62.747    63.051    63.302    63.487    63.632    63.757    64.055    64.418
 2014      64.663    64.950    65.339    65.707    65.977    66.151    66.313    66.576    67.001    67.432    67.605    67.566
 2015      67.594    67.797    68.100    68.398    68.688    69.030    69.405    69.784    70.065    70.222    70.352    70.527
 2016      70.755    70.964    71.134    71.320    71.592    71.910    72.113    72.198    72.239    72.279    72.357    72.484
 2017      72.696    72.918    73.072    73.205    73.274    73.276    73.356    73.428    73.436    73.567    73.802    74.051
 2018      74.264    74.368    74.435    74.593    74.830    75.075    75.293    75.471    75.619    75.742    75.857    75.931
 2019      75.964    76.055    76.215    76.469    76.823    77.097    77.257    77.352    77.466    77.717    77.994    78.258
 2020      78.594    78.910    79.034    79.013    79.037    79.119    79.202    79.382    79.715    80.000    80.214    80.564
 2021      80.955    81.207    81.379    81.593    81.868    82.236    82.690    83.227    83.987    84.811    85.544    86.355
 2022      87.107    87.850    88.931    90.155    91.312    92.468    93.641    94.708    95.429    96.006    96.745    97.445
 2023      97.896    98.272    98.738    99.086    99.273    99.463    99.662    99.941   100.322   100.796   101.229   101.447
 2024     101.806   102.315   102.651   102.977   103.332   103.712   104.179   104.493   104.760   105.251   105.677   106.068
 2025     106.691   107.256   107.530   107.697   107.851   108.098   108.514   108.858   109.022   109.122   109.313   109.545
 2026     109.720   110.020   110.741   111.640   112.204   112.454   112.718   113.204


  FINAL SEASONAL FACTORS


 YEAR        JAN       FEB       MAR       APR       MAY       JUN       JUL       AUG       SEP       OCT       NOV       DEC 

 2009                                                                                                                    99.876
 2010      99.951    99.919   100.101   100.113   100.070    99.885    99.925    99.849   100.050   100.221   100.040    99.877
 2011      99.949    99.917   100.105   100.113   100.066    99.883    99.916    99.846   100.049   100.228   100.046    99.880
 2012      99.951    99.917   100.111   100.114   100.060    99.879    99.909    99.848   100.050   100.237   100.053    99.874
 2013      99.947    99.910   100.111   100.115   100.056    99.880    99.911    99.856   100.049   100.241   100.058    99.861
 2014      99.941    99.898   100.106   100.124   100.063    99.882    99.916    99.867   100.047   100.248   100.066    99.846
 2015      99.939    99.887   100.099   100.128   100.067    99.881    99.923    99.877   100.041   100.244   100.066    99.833
 2016      99.946    99.885   100.099   100.135   100.077    99.878    99.928    99.881   100.026   100.234   100.065    99.822
 2017      99.957    99.885   100.103   100.145   100.089    99.871    99.929    99.880   100.012   100.227   100.067    99.817
 2018      99.968    99.882   100.105   100.152   100.098    99.863    99.929    99.878   100.004   100.225   100.072    99.812
 2019      99.977    99.879   100.110   100.162   100.104    99.851    99.925    99.869    99.996   100.221   100.077    99.807
 2020      99.990    99.878   100.121   100.177   100.110    99.837    99.921    99.862    99.993   100.217   100.082    99.798
 2021      99.997    99.867   100.125   100.193   100.118    99.827    99.923    99.864    99.994   100.208   100.090    99.785
 2022      99.995    99.849   100.124   100.207   100.128    99.821    99.930    99.872    99.997   100.200   100.101    99.772
 2023      99.993    99.845   100.128   100.224   100.138    99.813    99.929    99.871    99.990   100.189   100.104    99.754
 2024      99.987    99.845   100.131   100.242   100.151    99.812    99.934    99.875    99.988   100.182   100.101    99.740
 2025      99.980    99.840   100.129   100.258   100.163    99.814    99.936    99.881    99.992   100.179   100.098    99.732
 2026      99.971    99.827   100.123   100.268   100.172    99.818    99.934    99.883


  FINAL IRREGULAR FACTORS

    The same as the stochastic irregular.


  STANDARD ERROR OF REVISION IN TREND-CYCLE ESTIMATOR
  LAST 5 YEARS

 YEAR        JAN       FEB       MAR       APR       MAY       JUN       JUL       AUG       SEP       OCT       NOV       DEC 

 2021                                                                                       0.027     0.028     0.029     0.030
 2022       0.030     0.031     0.031     0.031     0.032     0.033     0.035     0.037     0.037     0.038     0.039     0.040
 2023       0.040     0.041     0.041     0.041     0.041     0.042     0.044     0.046     0.046     0.047     0.048     0.049
 2024       0.049     0.050     0.050     0.050     0.051     0.052     0.055     0.056     0.057     0.058     0.059     0.060
 2025       0.061     0.062     0.062     0.062     0.063     0.064     0.067     0.069     0.070     0.071     0.073     0.074
 2026       0.075     0.075     0.076     0.077     0.077     0.079     0.081     0.135


  STANDARD ERROR OF REVISION IN SA SERIES ESTIMATOR
  LAST 5 YEARS

 YEAR        JAN       FEB       MAR       APR       MAY       JUN       JUL       AUG       SEP       OCT       NOV       DEC 

 2021                                                                                       0.033     0.033     0.034     0.035
 2022       0.035     0.036     0.036     0.037     0.037     0.038     0.040     0.043     0.044     0.045     0.046     0.046
 2023       0.047     0.047     0.048     0.048     0.048     0.049     0.051     0.054     0.055     0.055     0.057     0.057
 2024       0.058     0.058     0.059     0.059     0.059     0.060     0.063     0.067     0.067     0.069     0.070     0.071
 2025       0.072     0.072     0.073     0.073     0.073     0.074     0.077     0.082     0.083     0.084     0.085     0.087
 2026       0.087     0.088     0.088     0.089     0.090     0.092     0.095     0.101


 FORECAST OF FINAL COMPONENT



                         ORIGINAL                         TREND-CYCLE                      SA SERIES    
                         (UNCORRECTED)                                                     SERIES       
                         SERIES                                                                         

      DATE           FORECAST           SE             FORECAST           SER            FORECAST           SER

  SEP-2026           113.7316           0.0063         113.7370           0.3225         113.7370           0.3694
  OCT-2026           114.3965           0.0099         114.1919           0.5396         114.1919           0.5691
  NOV-2026           114.7600           0.0132         114.6473           0.7399         114.6473           0.7618
  DEC-2026           114.7946           0.0165         115.1033           0.9377         115.1033           0.9553
  JAN-2027           115.5251           0.0198         115.5599           1.1369         115.5599           1.1515
  FEB-2027           115.8132           0.0230         116.0174           1.3384         116.0174           1.3510
  MAR-2027           116.6170           0.0263         116.4757           1.5427         116.4757           1.5537
  APR-2027           117.2504           0.0295         116.9349           1.7496         116.9349           1.7594
  MAY-2027           117.5976           0.0328         117.3952           1.9590         117.3952           1.9678
  JUN-2027           117.6436           0.0360         117.8565           2.1707         117.8565           2.1787
  JUL-2027           118.2391           0.0392         118.3189           2.3845         118.3189           2.3918
  AUG-2027           118.6436           0.0423         118.7825           2.6002         118.7825           2.6070
  SEP-2027           119.2418           0.0458         119.2474           2.8176         119.2474           2.8239
  OCT-2027           119.9280           0.0492         119.7135           3.0366         119.7135           3.0425
  NOV-2027           120.2991           0.0527         120.1809           3.2570         120.1809           3.2626
  DEC-2027           120.3262           0.0561         120.6497           3.4788         120.6497           3.4841
  JAN-2028           121.0834           0.0595         121.1199           3.7019         121.1199           3.7069
  FEB-2028           121.3775           0.0629         121.5915           3.9262         121.5915           3.9309
  MAR-2028           122.2127           0.0663         122.0646           4.1516         122.0646           4.1561
  APR-2028           122.8698           0.0696         122.5393           4.3781         122.5393           4.3824
  MAY-2028           123.2276           0.0728         123.0154           4.6057         123.0154           4.6098
  JUN-2028           123.2701           0.0760         123.4932           4.8343         123.4932           4.8383
  JUL-2028           123.8888           0.0792         123.9725           5.0640         123.9725           5.0678
  AUG-2028           124.3079           0.0824         124.4535           5.2948         124.4535           5.2984
  SEP-2028           124.9302           0.0857         124.9360           5.5266         124.9360           5.5301
  OCT-2028           125.6451           0.0890         125.4203           5.7594         125.4203           5.7628
  NOV-2028           126.0301           0.0924         125.9062           5.9933         125.9062           5.9966
  DEC-2028           126.0550           0.0957         126.3939           6.2283         126.3939           6.2315
  JAN-2029           126.8450           0.0990         126.8833           6.4644         126.8833           6.4676
  FEB-2029           127.1502           0.1022         127.3744           6.7017         127.3744           6.7047
  MAR-2029           128.0224           0.1055         127.8673           6.9401         127.8673           6.9430
  APR-2029           128.7082           0.1087         128.3619           7.1797         128.3619           7.1826
  MAY-2029           129.0806           0.1118         128.8584           7.4205         128.8584           7.4233
  JUN-2029           129.1230           0.1150         129.3567           7.6626         129.3567           7.6653
  JUL-2029           129.7692           0.1181         129.8568           7.9060         129.8568           7.9086
  AUG-2029           130.2063           0.1211         130.3588           8.1506         130.3588           8.1533


                         SEASONAL     
                         FACTORS      
                                      
  SEP-2026               99.9953
  OCT-2026              100.1792
  NOV-2026              100.0983
  DEC-2026               99.7318
  JAN-2027               99.9698
  FEB-2027               99.8240
  MAR-2027              100.1213
  APR-2027              100.2698
  MAY-2027              100.1725
  JUN-2027               99.8194
  JUL-2027               99.9325
  AUG-2027               99.8831
  SEP-2027               99.9953
  OCT-2027              100.1792
  NOV-2027              100.0983
  DEC-2027               99.7318
  JAN-2028               99.9698
  FEB-2028               99.8240
  MAR-2028              100.1213
  APR-2028              100.2698
  MAY-2028              100.1725
  JUN-2028               99.8194
  JUL-2028               99.9325
  AUG-2028               99.8831
  SEP-2028               99.9953
  OCT-2028              100.1792
  NOV-2028              100.0983
  DEC-2028               99.7318
  JAN-2029               99.9698
  FEB-2029               99.8240
  MAR-2029              100.1213
  APR-2029              100.2698
  MAY-2029              100.1725
  JUN-2029               99.8194
  JUL-2029               99.9325
  AUG-2029               99.8831


  SE  : STANDARD ERROR OF THE OBSERVED SERIES FORECAST.
  SER : STANDARD ERROR OF THE REVISION.

  Note 1 : SINCE THE COMPONENT IS NEVER OBSERVED,THE FORECAST ERROR IS OF LITTLE
  APPLIED INTEREST. WHAT IS OF INTEREST IS THE SE OF THE REVISION THE FORECAST
  OF THE COMPONENT WILL UNDERGO (UNTIL IT BECOMES THE FINAL OR HISTORICAL ESTIMATOR).

  Note 2 : SER(Seasonal) = SER (SA Series)




 PART 5 : RATES OF GROWTH
 ------------------------


   THE RATE-OF-GROWTH OF SERIES Z(t) OVER THE PERIOD (t1,t2) IS EXPRESSED
   IN PERCENT POINTS AS
                        [ (Z(t2) / Z(t1)) -1] * 100


   ALL STANDARD ERRORS REPORTED FOR THE RATES-OF GROWTH IN THE FOLLOWING TABLES ARE COMPUTED
   USING LINEAR APPROXIMATION TO THE RATES.
   WHEN PERIOD-TO-PERIOD CHANGES ARE LARGE, THESE STANDARD ERRORS SHOULD BE INTERPRETED
   AS BROAD APPROXIMATIONS, THAT WILL TEND TO UNDERESTIMATE THE TRUE VALUES


   THE ERROR VARIANCES ARE BASED ON THE ESTIMATION ERROR OF THE STOCHASTIC TREND AND SA
   SERIES, AND THE ERRORS IN THE PARAMETER ESTIMATES ARE NOT CONSIDERED.
   GIVEN THAT THE VARIANCES OF THE LATER GO TO ZERO AS t BECOMES LARGE, THEY WILL TYPICALLY
   BE DOMINATED BY THE ESTIMATION ERROR VARIANCE OF THE STOCHASTIC COMPONENTS.
   (THIS DOMINANCE WILL BE WEAKEST IN THE VICINITY OF OUTLIERS.)


   IN THE TABLES THAT FOLLOW :

   ORIGINAL SERIES
   ---------------
                  DENOTES THE OBSERVED SERIES, UNLESS THERE ARE MISSING VALUES,
                  IN WHICH CASE IT DENOTES THE INTERPOLATED SERIES.

   TREND-CYCLE AND SA SERIES
   -------------------------
                             DENOTE THE FINAL ESTIMATORS, WITH DETERMINISTIC 
                             EFFECTS (IF PRESENT) INCLUDED.


    A. PERIOD-TO-PERIOD RATE-OF-GROWTH OF THE SERIES. T(1,1)

      TABLE 5.1 RATE T(1,1) : ESTIMATION ERROR VARIANCE
      -------------------------------------------------


        CONCURRENT ESTIMATOR            TREND-CYCLE    SA SERIES

        FINAL ESTIMATION ERROR             0.011         0.006

        REVISION ERROR                     0.008         0.005

        TOTAL ESTIMATION ERROR             0.019         0.011

               (SD)                   (    0.138)   (    0.104)



   AS MENTIONED BEFORE, FOR APPLIED PURPOSES, THE RELEVANT ERROR IS THE FULL REVISION THE
   MEASUREMENT WILL UNDERGO.
   ACCORDINGLY, THE STANDARD ERRORS APPEARING IN MOST OF THE NEXT TABLES ARE THE
   ONES IMPLIED BY THE  REVISION ERROR.
   THESE S.E. CAN BE USED TO BUILD CONFIDENCE INTERVALS AROUND THE CONCURRENT OR,
   IN GENERAL, PRELIMINARY ESTIMATORS, THAT INDICATE A LIKELY RANGE FOR THE EVENTUAL
   FINAL ESTIMATOR.
   THE S.E. CAN ALSO BE USED TO TEST FOR SPECIFIC HYPOTHESIS.
   FOR EXAMPLE IN TABLE 5.2 (BELOW), LET RC(t) BE THE CONCURRENT ESTIMATOR OF A RATE FOR 
   PERIOD t. IF : 

                  | RC(t)/SE[RC(t)] | > 1.645

   WE CAN REJECT (AT THE 90% LEVEL) THAT THE EVENTUAL FINAL ESTIMATOR OF THE RATE
   FOR PERIOD t COULD BE ZERO.


      TABLE 5.2 PERIOD-TO-PERIOD RATE T(1,1) FOR THE MOST RECENT PERIODS
      ------------------------------------------------------------------
                   With associated SE in Percent points.


        DATE           ORIGINAL                     TREND-CYCLE                        SA SERIES
                       SERIES
                                              ESTIMATE            SER           ESTIMATE            SER

     AUG-2026       0.622                    0.431         0.890E-01           0.674         0.726E-01
     JUL-2026       0.890E-01                0.235         0.446E-01          -0.269E-01     0.722E-01
     JUN-2026      -0.178E-01                0.223         0.441E-01           0.336         0.719E-01
     MAY-2026       0.169                    0.505         0.438E-01           0.265         0.716E-01
     APR-2026        1.29                    0.813         0.435E-01            1.15         0.714E-01
     MAR-2026       0.957                    0.655         0.433E-01           0.658         0.712E-01
     FEB-2026      -0.911E-02                0.273         0.431E-01           0.135         0.711E-01
     JAN-2026       0.412                    0.159         0.430E-01           0.172         0.711E-01
     DEC-2025      -0.192                    0.213         0.430E-01           0.174         0.710E-01
     NOV-2025       0.256                    0.175         0.430E-01           0.338         0.710E-01
     OCT-2025       0.458E-01                0.923E-01     0.430E-01          -0.141         0.710E-01
     SEP-2025       0.442                    0.150         0.418E-01           0.330         0.710E-01
     AUG-2025       0.368E-01                0.317         0.383E-01           0.925E-01     0.614E-01
     JUL-2025       0.873                    0.385         0.380E-01           0.750         0.611E-01
     JUN-2025      -0.407                    0.229         0.375E-01          -0.585E-01     0.608E-01
     MAY-2025       0.195                    0.143         0.371E-01           0.289         0.605E-01
     APR-2025       0.195                    0.155         0.368E-01           0.669E-01     0.603E-01
     MAR-2025       0.504                    0.255         0.366E-01           0.213         0.602E-01
     FEB-2025       0.393                    0.529         0.364E-01           0.535         0.601E-01
     JAN-2025        1.06                    0.588         0.364E-01           0.818         0.601E-01
     DEC-2024      -0.198                    0.369         0.363E-01           0.163         0.600E-01
     NOV-2024       0.256                    0.405         0.363E-01           0.337         0.600E-01
     OCT-2024       0.976                    0.469         0.363E-01           0.780         0.600E-01
     SEP-2024       0.862E-01                0.255         0.354E-01          -0.276E-01     0.600E-01
     AUG-2024       0.250                    0.301         0.323E-01           0.309         0.519E-01
     JUL-2024       0.745                    0.451         0.321E-01           0.621         0.516E-01
     JUN-2024      -0.966E-01                0.367         0.317E-01           0.243         0.514E-01
     MAY-2024       0.271                    0.345         0.314E-01           0.362         0.512E-01
     APR-2024       0.526                    0.318         0.311E-01           0.414         0.510E-01
     MAR-2024       0.371                    0.328         0.309E-01           0.855E-01     0.509E-01
     FEB-2024       0.590                    0.500         0.308E-01           0.733         0.508E-01
     JAN-2024       0.673                    0.353         0.307E-01           0.438         0.508E-01
     DEC-2023      -0.541                    0.216         0.307E-01          -0.193         0.508E-01
     NOV-2023       0.744                    0.429         0.307E-01           0.829         0.508E-01
     OCT-2023       0.448                    0.472         0.307E-01           0.250         0.508E-01
     SEP-2023       0.672                    0.381         0.299E-01           0.551         0.507E-01

    B. ACCUMULATED RATE OF GROWTH DURING THE PRESENT YEAR.


      TABLE 5.3 ACCUMULATED RATE OF GROWTH DURING THE PRESENT YEAR
      ------------------------------------------------------------
                              (In percent points)


        AUG-2026                  ESTIMATE              SER

        ORIGINAL SERIES           3.56                 -

        TREND-CYCLE               3.34           0.160    

        SA SERIES                 3.40           0.141    


    C. RATES OF ANNUAL GROWTH T(1,MQ)


      TABLE 5.4 ESTIMATION ERROR VARIANCE :
      -------------------------------------
        Rate of annual growth T(1,MQ), not-centered and
        dated at last observation.
        (X  1.0D9)


        CONCURRENT ESTIMATOR            TREND-CYCLE        SA SERIES

        FINAL ESTIMATION ERROR                0.000            0.000

        REVISION ERROR                        0.000            0.000

        TOTAL ESTIMATION ERROR                0.000            0.000

            (SD x 1.0D9)               (    0.000)       (    0.000)


      TABLE 5.5 INTERANNUAL RATE OF GROWTH :
      --------------------------------------
        Rate T(1,MQ), not-centered and dated at last observation,
        FOR THE MOST RECENT PERIODS.
        This rate measures the rate of growth with respect to 1-year ago.
        With standard errors.
        In Percent points.


        DATE         ORIGINAL                     TREND-CYCLE                        SA SERIES
                     SERIES
                                              ESTIMATE            SER           ESTIMATE            SER

     AUG-2026        4.13                     3.99         0.814E-01            4.13         0.135E-01
     JUL-2026        3.53                     3.87         0.111E-01            3.53         0.129E-01
     JUN-2026        4.34                     4.03         0.110E-01            4.33         0.126E-01
     MAY-2026        3.93                     4.04         0.110E-01            3.92         0.124E-01
     APR-2026        3.96                     3.66         0.110E-01            3.95         0.124E-01
     MAR-2026        2.83                     2.99         0.109E-01            2.84         0.124E-01
     FEB-2026        2.37                     2.58         0.109E-01            2.38         0.124E-01
     JAN-2026        2.78                     2.84         0.107E-01            2.79         0.123E-01
     DEC-2025        3.45                     3.28         0.105E-01            3.45         0.122E-01
     NOV-2025        3.44                     3.44         0.103E-01            3.44         0.121E-01
     OCT-2025        3.44                     3.68         0.101E-01            3.44         0.119E-01
     SEP-2025        4.40                     4.07         0.983E-02            4.40         0.118E-01
     AUG-2025        4.03                     4.18         0.982E-02            4.02         0.116E-01
     JUL-2025        4.25                     4.16         0.959E-02            4.25         0.110E-01
     JUN-2025        4.12                     4.23         0.918E-02            4.12         0.107E-01
     MAY-2025        4.44                     4.37         0.899E-02            4.43         0.105E-01
     APR-2025        4.52                     4.58         0.894E-02            4.51         0.104E-01
     MAR-2025        4.87                     4.75         0.893E-02            4.87         0.104E-01
     FEB-2025        4.73                     4.83         0.893E-02            4.74         0.104E-01
     JAN-2025        4.94                     4.80         0.889E-02            4.94         0.104E-01
     DEC-2024        4.53                     4.55         0.880E-02            4.55         0.103E-01
     NOV-2024        4.17                     4.39         0.867E-02            4.18         0.102E-01
     OCT-2024        4.68                     4.42         0.851E-02            4.69         0.101E-01
     SEP-2024        4.13                     4.42         0.835E-02            4.14         0.994E-02
     AUG-2024        4.74                     4.55         0.834E-02            4.74         0.984E-02

   THE ANNUAL RATE OF GROWTH IN TABLE 5.5 MEASURES GROWTH WITH RESPECT TO ONE-YEAR AGO
   BECAUSE IT IS NOT CENTERED, THE MEASURE INDUCES AN IMPORTANT PHASE EFFECT,
   AND CAN BE STRONGLY INFLUENCED BY THE IRREGULAR AND MOVING SEASONAL COMPONENTS.
   IT IS THUS A POOR INDICATOR OF THE PRESENT RATE OF ANNUAL
   GROWTH, USEFUL IN SHORT-TERM ANALYSIS.

   ASSESSMENTS ON THE PRESENT RATE OF ANNUAL GROWTH SHOULD BE PREFERABLY BE BASED
   ON THE CENTERED MEASUREMENT OF TABLE 5.6 BELOW, WHICH REQUIRES HALF-A-YEAR
   OF FORECAST. THIS CENTERING MINIMIZES PHASE EFFECT AND IS LESS AFFECTED BY THE
   IRREGULAR OR SEASONAL INNOVATIONS.

      TABLE 5.6 PRESENT RATE OF ANNUAL GROWTH :
      -----------------------------------------
        Rate T(1,MQ), centered and dated Annual rate computed as the rate of growth 
        over the last (MQ/2) observed periods and the next (MQ/2) forecasts
        at last observed period.
        With associated standard errors.
        In Percent points.


                                DATE              CENTERED RATE OF          SER                 TSE
                                                  ANNUAL GROWTH

        ORIGINAL SERIES       AUG-2026               5.57               1.19               1.19    

                              JUL-2026           (   5.30    )      (   1.02    )      (   1.02    )

        TREND-CYCLE           AUG-2026               5.45               1.17               1.18    

                              JUL-2026           (   5.32    )      (   1.00    )      (   1.01    )

        SA SERIES             AUG-2026               5.58               1.19               1.19    

                              JUL-2026           (   5.30    )      (   1.02    )      (   1.02    )


    D. FORECAST


      TABLE 5.7 RATES OF GROWTH FORECASTS :
      -------------------------------------
                In Percent Points


    FORECAST                      ORIGINAL                TREND-CYCLE                SA SERIES
    ORIGIN :                      SERIES
    AUG-2026                        (SER)                      (SER)                      (SER)


  ONE-PERIOD-AHEAD
  FORECAST PERIOD 
  TO PERIOD RATE                0.51                       0.47                      0.40    
  T(1,1)                    (   0.32    )              (   0.19    )             (   0.29    )


  FORECAST OF ANNUAL
  RATE OF GROWTH OVER
  THE NEXT 12 PERIODS            4.9                        4.9                       4.9    
  (one year horizon)        (    2.2    )              (    2.2    )             (    2.2    )


  FORECAST OF ANNUAL
  RATE OF GROWTH FOR
  THE PRESENT YEAR               5.1                        5.1                       5.1    
  (December over December)  (   0.85    )              (   0.83    )             (   0.85    )


  PART 6 : ESTIMATION OF THE CYCLE
  --------------------------------
  MODIFIED HODRICK-PRESCOTT FILTER


      (1) DECOMPOSITION OF THE TREND-CYCLE COMPONENT INTO : 
           LONG-TERM TREND + CYCLE


      Period associated with a 50% gain of filter:     120.0 (Default value)
      Implied value for HP LAMBDA=    133107.9380


      "FICTICIOUS" MODEL FOR WK IMPLEMENTATION OF FILTER
      (1-B)^2z(t)=(1 -1.926B+ 0.9286B^2)b(t)


      (2) ARIMA Models
  
      Stochastic LONG TERM TREND m(t):
      [[(1-B)^2]]m(t)=  niid~(0, 0.1535E-05Va)
  
      Stochastic Cycle c(t):
      []C(t)=  niid~(0, 0.2043Va)


      (3) Std of innovations
  
      Long Term Trend:       0.4023E-05
      Business Cycle:        0.1468E-02


      (4) FINAL ERRORS
  Var(final error of Business Cycle Component)=             12.96     in units of Va
  Var(final error of LONG TERM TREND Component)=            6.397     in units of Va


      SPECTRUM OF CYCLE


          MODE   =        12.50 years cycle

          MEAN   =         6.60 years cycle

          MEDIAN =        10.00 years cycle



  CYCLICAL COMPONENT
    X  10.0D-1


 YEAR        JAN       FEB       MAR       APR       MAY       JUN       JUL       AUG       SEP       OCT       NOV       DEC 

 2009                                                                                                                     0.002
 2010       0.014     0.012     0.001     0.005     0.016     0.024     0.033     0.026     0.007    -0.012    -0.020    -0.020
 2011      -0.023    -0.017     0.001     0.016     0.030     0.035     0.028     0.023     0.025     0.034     0.060     0.087
 2012       0.091     0.086     0.070     0.047     0.023    -0.008    -0.032    -0.031    -0.013    -0.013    -0.040    -0.063
 2013      -0.076    -0.088    -0.114    -0.160    -0.177    -0.156    -0.143    -0.141    -0.145    -0.153    -0.134    -0.105
 2014      -0.094    -0.077    -0.045    -0.017    -0.003    -0.005    -0.008     0.004     0.040     0.077     0.075     0.042
 2015       0.018     0.021     0.038     0.055     0.070     0.093     0.120     0.148     0.161     0.157     0.149     0.148
 2016       0.154     0.157     0.155     0.156     0.168     0.187     0.189     0.176     0.156     0.137     0.122     0.115
 2017       0.119     0.124     0.120     0.114     0.098     0.073     0.059     0.044     0.019     0.012     0.018     0.026
 2018       0.029     0.016    -0.001    -0.006    -0.002     0.004     0.005     0.001    -0.007    -0.020    -0.034    -0.053
 2019      -0.079    -0.097    -0.107    -0.105    -0.090    -0.087    -0.099    -0.120    -0.139    -0.141    -0.141    -0.143
 2020      -0.137    -0.134    -0.156    -0.197    -0.233    -0.262    -0.292    -0.310    -0.310    -0.317    -0.333    -0.333
 2021      -0.329    -0.343    -0.368    -0.388    -0.401    -0.404    -0.397    -0.380    -0.338    -0.290    -0.254    -0.210
 2022      -0.173    -0.139    -0.068     0.018     0.094     0.168     0.243     0.305     0.329     0.338     0.364     0.385
 2023       0.380     0.367     0.364     0.349     0.318     0.288     0.258     0.237     0.227     0.226     0.220     0.194
 2024       0.183     0.186     0.172     0.158     0.146     0.138     0.138     0.123     0.104     0.107     0.104     0.098
 2025       0.114     0.124     0.107     0.081     0.053     0.035     0.032     0.023    -0.002    -0.034    -0.056    -0.075
 2026      -0.099    -0.111    -0.085    -0.043    -0.032    -0.049    -0.064    -0.060
 FORECAST : 
 2026                                                                                      -0.052    -0.050    -0.049    -0.047
 2027      -0.046    -0.045    -0.043    -0.042    -0.041    -0.039    -0.038    -0.037    -0.035    -0.034    -0.033    -0.032
 2028      -0.030    -0.029    -0.028    -0.027    -0.026    -0.024    -0.023    -0.022    -0.021    -0.020    -0.019    -0.018
 2029      -0.016    -0.015    -0.014    -0.013    -0.012    -0.011    -0.010    -0.009

  CYCLICAL FACTORS

 YEAR        JAN       FEB       MAR       APR       MAY       JUN       JUL       AUG       SEP       OCT       NOV       DEC 

 2009                                                                                                                   100.000
 2010     100.119   100.102    99.983   100.030   100.135   100.220   100.304   100.236   100.049    99.862    99.779    99.774
 2011      99.747    99.810    99.986   100.142   100.274   100.326   100.255   100.205   100.228   100.319   100.582   100.848
 2012     100.896   100.840   100.676   100.448   100.210    99.899    99.655    99.666    99.850    99.847    99.579    99.350
 2013      99.218    99.102    98.842    98.387    98.223    98.433    98.558    98.578    98.535    98.460    98.649    98.936
 2014      99.040    99.207    99.526    99.810    99.943    99.931    99.900   100.020   100.381   100.748   100.730   100.395
 2015     100.161   100.188   100.362   100.527   100.681   100.909   101.186   101.465   101.603   101.561   101.481   101.466
 2016     101.528   101.563   101.543   101.546   101.671   101.863   101.890   101.752   101.553   101.353   101.209   101.131
 2017     101.174   101.229   101.190   101.120   100.962   100.712   100.568   100.414   100.171   100.095   100.158   100.237
 2018     100.264   100.142    99.968    99.914    99.962   100.017   100.032    99.991    99.904    99.781    99.643    99.449
 2019      99.196    99.014    98.918    98.938    99.081    99.114    98.994    98.786    98.595    98.575    98.578    98.558
 2020      98.622    98.652    98.435    98.031    97.679    97.393    97.102    96.924    96.925    96.860    96.702    96.700
 2021      96.739    96.603    96.366    96.174    96.048    96.023    96.091    96.248    96.653    97.120    97.473    97.905
 2022      98.260    98.597    99.303   100.156   100.921   101.675   102.437   103.072   103.324   103.416   103.680   103.898
 2023     103.849   103.720   103.687   103.531   103.211   102.896   102.595   102.380   102.271   102.259   102.207   101.941
 2024     101.820   101.851   101.712   101.566   101.452   101.364   101.364   101.216   101.027   101.056   101.025   100.961
 2025     101.120   101.224   101.055   100.789   100.514   100.328   100.302   100.210    99.954    99.643    99.418    99.232
 2026      98.996    98.874    99.131    99.545    99.657    99.491    99.338    99.381
 FORECAST : 
 2026                                                                                      99.464    99.478    99.492    99.506
 2027      99.520    99.533    99.546    99.560    99.573    99.586    99.599    99.611    99.624    99.637    99.649    99.662
 2028      99.674    99.686    99.698    99.710    99.722    99.734    99.745    99.757    99.769    99.780    99.791    99.802
 2029      99.813    99.824    99.835    99.846    99.857    99.868    99.878    99.889

  Revision error of CYCLICAL FACTOR

 YEAR        JAN       FEB       MAR       APR       MAY       JUN       JUL       AUG       SEP       OCT       NOV       DEC 

 2009                                                                                                                     1.197
 2010       1.131     1.064     0.998     0.935     0.874     0.815     0.757     0.700     0.644     0.592     0.547     0.512
 2011       0.482     0.454     0.427     0.402     0.378     0.355     0.334     0.316     0.300     0.286     0.278     0.274
 2012       0.272     0.270     0.268     0.266     0.264     0.263     0.262     0.262     0.262     0.262     0.261     0.259
 2013       0.257     0.255     0.252     0.249     0.247     0.246     0.244     0.242     0.240     0.238     0.235     0.230
 2014       0.224     0.218     0.214     0.209     0.205     0.201     0.196     0.193     0.190     0.186     0.181     0.174
 2015       0.165     0.158     0.152     0.147     0.142     0.137     0.133     0.130     0.127     0.123     0.118     0.112
 2016       0.105     0.098     0.093     0.088     0.084     0.081     0.078     0.075     0.072     0.070     0.067     0.062
 2017       0.057     0.052     0.048     0.045     0.043     0.041     0.039     0.038     0.037     0.037     0.035     0.033
 2018       0.029     0.027     0.025     0.023     0.025     0.026     0.029     0.032     0.035     0.036     0.037     0.038
 2019       0.039     0.040     0.042     0.044     0.047     0.051     0.055     0.061     0.065     0.068     0.070     0.073
 2020       0.075     0.078     0.081     0.085     0.089     0.094     0.100     0.107     0.113     0.117     0.120     0.124
 2021       0.128     0.131     0.136     0.140     0.145     0.152     0.159     0.166     0.174     0.180     0.184     0.189
 2022       0.193     0.198     0.204     0.210     0.217     0.224     0.232     0.240     0.246     0.250     0.253     0.256
 2023       0.257     0.259     0.261     0.262     0.263     0.264     0.266     0.267     0.268     0.268     0.268     0.268
 2024       0.268     0.268     0.268     0.269     0.270     0.271     0.273     0.275     0.279     0.288     0.302     0.318
 2025       0.337     0.359     0.381     0.404     0.429     0.456     0.485     0.514     0.548     0.591     0.640     0.693
 2026       0.747     0.804     0.866     0.931     0.995     1.058     1.122     1.190
 FORECAST : 
 2026                                                                                       1.238     1.255     1.259     1.261
 2027       1.262     1.262     1.262     1.263     1.265     1.268     1.273     1.278     1.284     1.291     1.299     1.308
 2028       1.317     1.326     1.335     1.345     1.354     1.364     1.373     1.381     1.390     1.398     1.406     1.413
 2029       1.420     1.426     1.432     1.437     1.442     1.447     1.451     1.455

  LONG TERM TREND COMPONENT

 YEAR        JAN       FEB       MAR       APR       MAY       JUN       JUL       AUG       SEP       OCT       NOV       DEC 

 2009                                                                                                                     4.050
 2010       4.052     4.055     4.058     4.060     4.063     4.065     4.068     4.071     4.073     4.076     4.078     4.081
 2011       4.083     4.086     4.089     4.091     4.094     4.096     4.099     4.102     4.104     4.107     4.109     4.112
 2012       4.115     4.117     4.120     4.122     4.125     4.128     4.130     4.133     4.136     4.138     4.141     4.143
 2013       4.146     4.149     4.151     4.154     4.157     4.160     4.162     4.165     4.168     4.170     4.173     4.176
 2014       4.179     4.181     4.184     4.187     4.190     4.192     4.195     4.198     4.201     4.203     4.206     4.209
 2015       4.212     4.214     4.217     4.220     4.223     4.225     4.228     4.231     4.233     4.236     4.239     4.241
 2016       4.244     4.246     4.249     4.252     4.254     4.257     4.259     4.262     4.264     4.267     4.269     4.272
 2017       4.274     4.277     4.279     4.282     4.284     4.287     4.289     4.292     4.294     4.297     4.300     4.302
 2018       4.305     4.307     4.310     4.313     4.315     4.318     4.321     4.324     4.326     4.329     4.332     4.335
 2019       4.338     4.341     4.344     4.347     4.351     4.354     4.357     4.360     4.364     4.367     4.371     4.374
 2020       4.378     4.382     4.385     4.389     4.393     4.397     4.401     4.405     4.409     4.414     4.418     4.422
 2021       4.427     4.431     4.436     4.441     4.445     4.450     4.455     4.460     4.464     4.469     4.474     4.479
 2022       4.484     4.490     4.495     4.500     4.505     4.510     4.515     4.520     4.525     4.531     4.536     4.541
 2023       4.546     4.551     4.556     4.561     4.566     4.571     4.576     4.581     4.586     4.591     4.595     4.600
 2024       4.605     4.609     4.614     4.619     4.623     4.628     4.632     4.637     4.641     4.646     4.650     4.654
 2025       4.659     4.663     4.667     4.671     4.675     4.680     4.684     4.688     4.692     4.696     4.700     4.704
 2026       4.708     4.712     4.716     4.720     4.724     4.727     4.731     4.735
 FORECAST : 
 2026                                                                                       4.739     4.743     4.747     4.751
 2027       4.754     4.758     4.762     4.766     4.770     4.773     4.777     4.781     4.785     4.789     4.792     4.796
 2028       4.800     4.804     4.807     4.811     4.815     4.819     4.822     4.826     4.830     4.834     4.837     4.841
 2029       4.845     4.849     4.852     4.856     4.860     4.864     4.867     4.871

  LONG TERM TREND

 YEAR        JAN       FEB       MAR       APR       MAY       JUN       JUL       AUG       SEP       OCT       NOV       DEC 

 2009                                                                                                                    57.403
 2010      57.552    57.701    57.850    58.000    58.150    58.300    58.451    58.602    58.754    58.906    59.059    59.212
 2011      59.365    59.519    59.673    59.828    59.983    60.139    60.295    60.452    60.609    60.766    60.924    61.083
 2012      61.242    61.401    61.562    61.722    61.884    62.046    62.209    62.372    62.536    62.701    62.867    63.034
 2013      63.202    63.371    63.540    63.711    63.882    64.055    64.228    64.403    64.578    64.755    64.932    65.111
 2014      65.290    65.470    65.650    65.832    66.014    66.196    66.380    66.563    66.747    66.931    67.116    67.300
 2015      67.485    67.670    67.854    68.039    68.223    68.408    68.592    68.776    68.959    69.143    69.326    69.508
 2016      69.690    69.872    70.053    70.234    70.415    70.595    70.775    70.955    71.134    71.314    71.493    71.673
 2017      71.852    72.032    72.213    72.394    72.575    72.758    72.941    73.125    73.311    73.498    73.686    73.876
 2018      74.068    74.262    74.458    74.657    74.858    75.062    75.269    75.478    75.691    75.908    76.128    76.352
 2019      76.580    76.812    77.048    77.289    77.535    77.786    78.042    78.303    78.569    78.841    79.119    79.403
 2020      79.693    79.989    80.291    80.600    80.915    81.237    81.566    81.901    82.244    82.593    82.950    83.314
 2021      83.684    84.062    84.447    84.839    85.237    85.642    86.054    86.472    86.896    87.326    87.762    88.203
 2022      88.649    89.100    89.556    90.015    90.478    90.944    91.414    91.885    92.359    92.834    93.311    93.789
 2023      94.268    94.747    95.226    95.706    96.185    96.663    97.141    97.618    98.094    98.569    99.043    99.515
 2024      99.986   100.455   100.923   101.389   101.854   102.317   102.778   103.237   103.695   104.151   104.605   105.058
 2025     105.509   105.959   106.407   106.854   107.300   107.744   108.188   108.630   109.072   109.513   109.953   110.393
 2026     110.833   111.272   111.711   112.151   112.590   113.029   113.469   113.909
 FORECAST : 
 2026                                                                                     114.350   114.791   115.232   115.675
 2027     116.118   116.562   117.007   117.452   117.899   118.347   118.796   119.246   119.697   120.150   120.604   121.060
 2028     121.516   121.975   122.434   122.896   123.358   123.823   124.289   124.757   125.226   125.697   126.170   126.644
 2029     127.120   127.598   128.078   128.560   129.043   129.528   130.015   130.504

  Revision error of LONG TERM TREND

 YEAR        JAN       FEB       MAR       APR       MAY       JUN       JUL       AUG       SEP       OCT       NOV       DEC 

 2009                                                                                                                     0.688
 2010       0.647     0.608     0.571     0.535     0.500     0.468     0.437     0.407     0.379     0.353     0.329     0.306
 2011       0.285     0.266     0.249     0.233     0.219     0.207     0.196     0.187     0.180     0.174     0.169     0.166
 2012       0.163     0.161     0.160     0.160     0.160     0.160     0.160     0.161     0.161     0.161     0.162     0.162
 2013       0.162     0.161     0.161     0.160     0.160     0.159     0.157     0.156     0.154     0.152     0.150     0.148
 2014       0.146     0.143     0.141     0.138     0.135     0.132     0.129     0.126     0.123     0.119     0.116     0.113
 2015       0.109     0.106     0.103     0.099     0.096     0.092     0.089     0.086     0.082     0.079     0.076     0.073
 2016       0.069     0.066     0.063     0.060     0.057     0.055     0.052     0.049     0.046     0.044     0.042     0.039
 2017       0.037     0.035     0.033     0.031     0.029     0.027     0.025     0.023     0.022     0.020     0.019     0.018
 2018       0.016     0.015     0.014     0.013     0.014     0.015     0.017     0.018     0.019     0.021     0.023     0.024
 2019       0.026     0.028     0.030     0.033     0.035     0.037     0.040     0.043     0.046     0.049     0.052     0.055
 2020       0.058     0.062     0.065     0.069     0.073     0.077     0.081     0.085     0.090     0.094     0.099     0.104
 2021       0.108     0.113     0.118     0.124     0.129     0.134     0.139     0.145     0.150     0.156     0.161     0.167
 2022       0.172     0.178     0.183     0.189     0.194     0.199     0.204     0.209     0.214     0.218     0.223     0.227
 2023       0.231     0.234     0.238     0.241     0.244     0.246     0.249     0.250     0.252     0.254     0.255     0.256
 2024       0.257     0.259     0.260     0.262     0.265     0.269     0.274     0.280     0.288     0.298     0.310     0.325
 2025       0.343     0.364     0.388     0.416     0.447     0.482     0.520     0.562     0.608     0.657     0.710     0.767
 2026       0.828     0.893     0.961     1.034     1.111     1.191     1.276     1.365
 FORECAST : 
 2026                                                                                       1.459     1.556     1.658     1.764
 2027       1.875     1.989     2.108     2.232     2.359     2.491     2.627     2.767     2.912     3.060     3.213     3.370
 2028       3.531     3.696     3.865     4.038     4.215     4.395     4.579     4.768     4.959     5.155     5.354     5.556
 2029       5.762     5.971     6.184     6.400     6.620     6.842     7.068     7.297

  QS statistic for seasonality:
  Original Series                                    42.66  (P-Value =     0.0000)
  Original Series (EV adj)                           42.66  (P-Value =     0.0000)
  Residuals                                           0.00  (P-Value =     1.0000)
  Seasonally Adjusted Series                          0.00  (P-Value =     1.0000)
  Seasonally Adjusted Series (EV adj)                 0.00  (P-Value =     1.0000)
  Irregular Series                                    0.00  (P-Value =     1.0000)
  Irregular Series (EV adj)                           0.00  (P-Value =     1.0000)

  QS statistic for seasonality (starting 2018.Sep):
  Original Series                                    24.10  (P-Value =     0.0000)
  Original Series (EV adj)                           24.10  (P-Value =     0.0000)
  Residuals                                           0.00  (P-Value =     1.0000)
  Seasonally Adjusted Series                          0.00  (P-Value =     1.0000)
  Seasonally Adjusted Series (EV adj)                 0.00  (P-Value =     1.0000)
  Irregular Series                                    0.00  (P-Value =     1.0000)
  Irregular Series (EV adj)                           0.00  (P-Value =     1.0000)
                    PAGE   5, SERIES ipc
 G 0  10*LOG(SPECTRUM) of the differenced, transformed Original Series
      (Table A1 or B1).  Spectrum estimated from 2018.Sep to 2026.Aug.
 ++++++++++I+++++++++++++++++++++++++++++++++++++++++++++++++++++++++++++I
     -36.19I                                                            SI    -36.19
           I                                                            SI
           I                                                            SI
           I                                                            SI
     -37.87I                                                            SI    -37.87
           I                                                            SI
           I                                                            SI
           I  *                                                         SI
     -39.55I  **                                                        SI    -39.55
           I  **                                                        SI
           I  **                                                        SI
           I  **                                                        SI
     -41.23I  **                S                                       SI    -41.23
           I ***                S                                       SI
           I ***                S                                       SI
           I****                S                                       SI
     -42.91I****                S                                       SI    -42.91
           I****                S                   S                   SI
           I****                S                   S                   SI
           I*****               S                  *S*                  SI
     -44.59I*****               S                  *S*T                 SI    -44.59
           I*****               S                  *S*T                 SI
           I*****               S                  *S*T                 SI
           I*****               S                  *S*T                 SI
     -46.27I*****               S           *      *S*T                 SI    -46.27
           I******              S           *      *S*T                *SI
           I******              S           *      *S*T                *SI
           I*******             S           *      *S*T                *SI
     -47.95I*******             S           **     *S*T      *         *SI    -47.95
           I*******      *     *S           **     *S*T*    **         *SI
           I********     *     *S           **     *S*T*    **         *SI
           I********     ****  *S*     *    **     *S*T*    **     **  *SI
     -49.63I********     ****  *S*     *    **     *S*T*    **     **  *SI    -49.63
           I********    *****  *S*    ***   **     *S*T*   ***S    **  *SI
           I********    ****** *S*    ***   **     *S*T*   ***S    **  *SI
           I********    ****** *S*    ***   **     *S*T*   ***S    *****SI
     -51.31I********    ********S*    ***   **     *S*T*   ***S    *****SI    -51.31
           I********    ********S*    **** ***    **S*T*  ****S    *****SI
           I*********   ********S*    **** ***    **S*T** ****S*   *****SI
           I*********   ********S*   ***** ***    **S*T** ****S*  ******SI
     -52.99I*********  *********S*   *****S***    **S*T*******S*  ******SI    -52.99
           I*********  *********S*   *****S***    **S*T*******S*  ******SI
           I*********  *********S*   *****S***    **S*T*******S*  ******SI
           I********** *********S**  *****S***    **S*T*******S*T ******SI
     -54.67I**********S*********S** ******S***    **S*T*******S*T*******SI    -54.67
           I**********S*********S** ******S****   **S*T*******S*T*******SI
           I**********S*********S*********S****   **S*T*******S*T*******SI
           I**********S*********S*********S****   **S*T*******S*T*******SI
     -56.35I**********S*********S*********S****  ***S*T*******S*T*******SI    -56.35
           I**********S*********S*********S****  ***S*T*******S*T*******SI
           I**********S*********S*********S****  ***S*T*******S*T*******SI
           I**********S*********S*********S****  ***S*T*******S*T*******SI
     -58.03I**********S*********S*********S*********S*T*******S*T*******SI    -58.03
 ++++++++++I+++++++++++++++++++++++++++++++++++++++++++++++++++++++++++++I
            S=SEASONAL FREQUENCIES, T=TRADING DAY FREQUENCIES
                    PAGE   6, SERIES ipc
 G 1  10*LOG(SPECTRUM) of the differenced, transformed seasonally adjusted 
      data (SEATS).  Spectrum estimated from 2018.Sep to 2026.Aug.
 ++++++++++I+++++++++++++++++++++++++++++++++++++++++++++++++++++++++++++I
     -38.08I  *                                                          I    -38.08
           I  *                                                          I
           I  *                                                          I
           I  *                                                          I
     -39.81I  *                                                          I    -39.81
           I  **                                                         I
           I  **                                                         I
           I  **                                                         I
     -41.55I  **                                                         I    -41.55
           I ***                                                         I
           I ***                                                         I
           I ***                                                         I
     -43.29I****                                                         I    -43.29
           I*****                                                        I
           I*****                                                        I
           I*****                                                        I
     -45.02I*****                                                        I    -45.02
           I*****                                                        I
           I******                          *                            I
           I******                          *         T                  I
     -46.76I******                          *         T                  I    -46.76
           I******                          *         T                  I
           I*******      *                  *         T*                 I
           I*******      *                  *         T*                SI
     -48.50I*******      *             *    *         T*   *       *    SI    -48.50
           I*******      *   *         *    *         T*   *       *    SI
           I*******      *   *         *    *         T*   *       *   *SI
           I********     **  *         *    **        T*   *       *   *SI
     -50.23I********     ** **         *    **        T*   **      *   *SI    -50.23
           I********     ** **         *    **    *   T*   **     ***  *SI
           I********     ** **         *    **    *   T*   **     *** **SI
           I********     ** **        ***   **    *   T*  ***     *** **SI
     -51.97I********    ******      * ***   **    *   T*  ***     ******SI    -51.97
           I*********   ******      * ***   **    *  *T*  ***     ******SI
           I*********   ******      *****   **    ** *T*  ***     ******SI
           I*********   ******      *****   **    ** *T*  ****    ******SI
     -53.70I*********   ******     ******  ***    **S*T** ****    ******SI    -53.70
           I*********   ******     ******  ***    **S*T*******   *******SI
           I**********  ******     ******  ***   ***S*T*******   *******SI
           I********** *******     ******* ***   ***S*T*******S  *******SI
     -55.44I********** ********    ******* ***   ***S*T*******S  *******SI    -55.44
           I**********S********    *******S****  ***S*T*******S*T*******SI
           I**********S********    *******S****  ***S*T*******S*T*******SI
           I**********S********    *******S****  ***S*T*******S*T*******SI
     -57.18I**********S********    *******S****  ***S*T*******S*T*******SI    -57.18
           I**********S********   ********S**** ****S*T*******S*T*******SI
           I**********S********   ********S*********S*T*******S*T*******SI
           I**********S********   ********S*********S*T*******S*T*******SI
     -58.91I**********S********   ********S*********S*T*******S*T*******SI    -58.91
           I**********S*********  ********S*********S*T*******S*T*******SI
           I**********S*********  ********S*********S*T*******S*T*******SI
           I**********S********* *********S*********S*T*******S*T*******SI
     -60.65I**********S*********S*********S*********S*T*******S*T*******SI    -60.65
 ++++++++++I+++++++++++++++++++++++++++++++++++++++++++++++++++++++++++++I
            S=SEASONAL FREQUENCIES, T=TRADING DAY FREQUENCIES
                    PAGE   7, SERIES ipc
 G 2  10*LOG(SPECTRUM) of the Stochastic Irregular (SEATS).
      Spectrum estimated from 2018.Sep to 2026.Aug.
 ++++++++++I+++++++++++++++++++++++++++++++++++++++++++++++++++++++++++++I
     -12.64I                                *                            I    -12.64
           I                                *                            I
           I                                *          *   *       *     I
           I                                *         T*   *       *   * I
     -15.76I                                *         T*   *       *   *SI    -15.76
           I                                *         T*   *       *  **SI
           I                                *         T*   *      **  **SI
           I                           *    *         T*   **     *** **SI
     -18.89I                           *    *      *  T*  ***     ******SI    -18.89
           I                           *    **    **  T*  *** S   ******SI
           I                           *    **    ** *T*  ****S   ******SI
           I                        *  *    **    **S*T*  ****S*  ******SI
     -22.01I                        *  **   **    **S*T** ****S* *******SI    -22.01
           I                *       *  **   **   ***S*T*******S*T*******SI
           I                *       *  **  ***   ***S*T*******S*T*******SI
           I                *       *****  ****  ***S*T*******S*T*******SI
     -25.13I             *  **      *****  *********S*T*******S*T*******SI    -25.13
           I             *  **      *****  *********S*T*******S*T*******SI
           I             *  **     *******S*********S*T*******S*T*******SI
           I             *  **     *******S*********S*T*******S*T*******SI
     -28.26I             * ***     *******S*********S*T*******S*T*******SI    -28.26
           I             ******    *******S*********S*T*******S*T*******SI
           I            *******    *******S*********S*T*******S*T*******SI
           I            ********   *******S*********S*T*******S*T*******SI
     -31.38I            ********  ********S*********S*T*******S*T*******SI    -31.38
           I            ********S*********S*********S*T*******S*T*******SI
           I            ********S*********S*********S*T*******S*T*******SI
           I            ********S*********S*********S*T*******S*T*******SI
     -34.50I        *   ********S*********S*********S*T*******S*T*******SI    -34.50
           I        *   ********S*********S*********S*T*******S*T*******SI
           I    *  **   ********S*********S*********S*T*******S*T*******SI
           I    *  **  *********S*********S*********S*T*******S*T*******SI
     -37.62I    *  **  *********S*********S*********S*T*******S*T*******SI    -37.62
           I    ** *** *********S*********S*********S*T*******S*T*******SI
           I    ******S*********S*********S*********S*T*******S*T*******SI
           I    ******S*********S*********S*********S*T*******S*T*******SI
     -40.75I    ******S*********S*********S*********S*T*******S*T*******SI    -40.75
           I    ******S*********S*********S*********S*T*******S*T*******SI
           I    ******S*********S*********S*********S*T*******S*T*******SI
           I    ******S*********S*********S*********S*T*******S*T*******SI
     -43.87I    ******S*********S*********S*********S*T*******S*T*******SI    -43.87
           I   *******S*********S*********S*********S*T*******S*T*******SI
           I   *******S*********S*********S*********S*T*******S*T*******SI
           I   *******S*********S*********S*********S*T*******S*T*******SI
     -46.99I   *******S*********S*********S*********S*T*******S*T*******SI    -46.99
           I   *******S*********S*********S*********S*T*******S*T*******SI
           I   *******S*********S*********S*********S*T*******S*T*******SI
           I   *******S*********S*********S*********S*T*******S*T*******SI
     -50.12I  ********S*********S*********S*********S*T*******S*T*******SI    -50.12
           I  ********S*********S*********S*********S*T*******S*T*******SI
           I  ********S*********S*********S*********S*T*******S*T*******SI
           I *********S*********S*********S*********S*T*******S*T*******SI
     -53.24I**********S*********S*********S*********S*T*******S*T*******SI    -53.24
 ++++++++++I+++++++++++++++++++++++++++++++++++++++++++++++++++++++++++++I
            S=SEASONAL FREQUENCIES, T=TRADING DAY FREQUENCIES
                    PAGE   8, SERIES ipc

  Peak probabilities for Tukey spectrum estimator
  Spectrum estimated from 2018.Sep to 2026.Aug.

                                          S1       S2       S3       S4       S5       S6       TD
                                        ------   ------   ------   ------   ------   ------   ------
  Model Residuals                        0.641    0.113    0.170    0.529    0.412    0.553    0.036  
  Original Series (Table A1 or B1)       0.116    0.995**  0.062    0.987*   0.883    0.991**  0.880  
  Seasonally adjusted series (SEATS)     0.169    0.233    0.027    0.618    0.372    0.781    0.991**
  Stochastic Irregular (SEATS)           0.507    0.534    0.547    0.559    0.538    0.559    0.535  
  ----------
     ** - Peak Probability > 0.99,
      * - 0.90 < Peak Probability < 0.99


